id,title,price,description,listing_url,main_image_url,additional_image_urls,brand_or_make,model,year,condition,category
2006-lexington-gts-255,2006  LEXINGTON  GTS  255,19900,"2006 Ford E-450 2551FDXE45SX6DB4063693,294 miWhite/TAN",https://www.bocapowersports.com/product-page/2006-lexington-gts-255,"https://static.wixstatic.com/media/b4963b_690df2c53d5043c894213358b66cf7d8~mv2.png/v1/fit/w_500,h_500,q_90/file.png","https://static.wixstatic.com/media/b4963b_0617e9b055cf409cbc4d02a7b4017a8d~mv2.png/v1/fit/w_500,h_500,q_90/file.png|https://static.wixstatic.com/media/b4963b_c35a65e7f48c4a0a89f0843b41bd0049~mv2.png/v1/fit/w_500,h_500,q_90/file.png|https://static.wixstatic.com/media/b4963b_fcbc35ed02734d2ea780267cb004e3c8~mv2.png/v1/fit/w_500,h_500,q_90/file.png|https://static.wixstatic.com/media/b4963b_adfe1839ff824252b4e01f58c2cf73e8~mv2.png/v1/fit/w_500,h_500,q_90/file.png|https://static.wixstatic.com/media/b4963b_3fb049d726f243eaadb35952d5321178~mv2.png/v1/fit/w_500,h_500,q_90/file.png|https://static.wixstatic.com/media/b4963b_d39ad36cd55c4757a33fd943e22dcf29~mv2.png/v1/fit/w_500,h_500,q_90/file.png|https://static.wixstatic.com/media/b4963b_608e591099ab44479ecde43386ad7065~mv2.png/v1/fit/w_500,h_500,q_90/file.png|https://static.wixstatic.com/media/b4963b_99d65303540644bf8ada6a1945b19a5c~mv2.png/v1/fit/w_500,h_500,q_90/file.png|https://static.wixstatic.com/media/b4963b_02470049b7de4d5f8610f699e0a46bb6~mv2.png/v1/fit/w_500,h_500,q_90/file.png",LEXINGTON,GTS 255,2006,,motorcycle/powersports
2019-chevrolet-express-3500-4-3-l-9900gwr,2019 Chevrolet Express 3500 4.3 l 9900GWR,19900,Great condition. 9900 GRW 4.3 engine 8 speeds with only 112000 miles. Aluminium lift gate 1600lb. New tires. Ready to go. We finance companies. If you would like to take a private loan we work with any credit units checks or draft letters. Call us and schedule appointment or check listing videos and pictures,https://www.bocapowersports.com/product-page/2019-chevrolet-express-3500-4-3-l-9900gwr,"https://static.wixstatic.com/media/b4963b_958fb3b89a774988b47d6ce042bbc033~mv2.jpeg/v1/fit/w_500,h_500,q_90/file.jpg","https://static.wixstatic.com/media/b4963b_81064db841184c1aa115890a0ddab420~mv2.png/v1/fit/w_500,h_500,q_90/file.png|https://static.wixstatic.com/media/b4963b_7a0d34007a1c4cfdb31bca2866040b6d~mv2.png/v1/fit/w_500,h_500,q_90/file.png|https://static.wixstatic.com/media/b4963b_07f5f6b042cf49008baff4e84d626e4c~mv2.png/v1/fit/w_500,h_500,q_90/file.png|https://static.wixstatic.com/media/b4963b_a18d8f84b549478baaec4a2bd607f60b~mv2.png/v1/fit/w_500,h_500,q_90/file.png|https://static.wixstatic.com/media/b4963b_c368262fb32c4e4d93603d43879687ff~mv2.png/v1/fit/w_500,h_500,q_90/file.png|https://static.wixstatic.com/media/b4963b_b970b148cdf6465d9d87aaa30728c347~mv2.jpeg/v1/fit/w_500,h_500,q_90/file.jpg|https://static.wixstatic.com/media/b4963b_4a3308bb301c411bb2aee7f60f0cd9eff002.jpg/v1/fit/w_500,h_500,q_90/file.jpg|https://static.wixstatic.com/media/b4963b_d17dc0e5795d472cb90881bb81f27f77~mv2.png/v1/fit/w_500,h_500,q_90/file.png|https://static.wixstatic.com/media/b4963b_ee49b9de80e644e7a9438a9b7a4ddb9ff002.jpg/v1/fit/w_500,h_500,q_90/file.jpg|https://static.wixstatic.com/media/b4963b_93578e39a9aa455391068e6d7427cc55~mv2.jpeg/v1/fit/w_500,h_500,q_90/file.jpg|https://static.wixstatic.com/media/b4963b_f2426f0a0484417c9ab17030698ab30e~mv2.jpeg/v1/fit/w_500,h_500,q_90/file.jpg|https://static.wixstatic.com/media/b4963b_4b61b3205f9e447faa2e5c9c473eea08~mv2.jpeg/v1/fit/w_500,h_500,q_90/file.jpg|https://static.wixstatic.com/media/b4963b_0da33f19db73406abc974b46820cbcf8~mv2.png/v1/fit/w_500,h_500,q_90/file.png|https://static.wixstatic.com/media/b4963b_d2f40eda416244888f0d722ba0c12648~mv2.png/v1/fit/w_500,h_500,q_90/file.png",Chevrolet,Express 3500 4.3,2019,new,car
2020-club-car-tempo-1,2020 Club Car TEMPO,4900,2020 Club Car TEMPOAN2019071516M1 miBLACK/BRN,https://www.bocapowersports.com/product-page/2020-club-car-tempo-1,"https://static.wixstatic.com/media/b4963b_8ca69a80b68448eebf88c8726cb53b77~mv2.png/v1/fit/w_500,h_500,q_90/file.png","https://static.wixstatic.com/media/b4963b_e17031b60a424d86ae4f600eef185bd2~mv2.png/v1/fit/w_500,h_500,q_90/file.png|https://static.wixstatic.com/media/b4963b_c1f691f9edc6483eafa98b9c5a2c962d~mv2.png/v1/fit/w_500,h_500,q_90/file.png|https://static.wixstatic.com/media/b4963b_37c2312511b94eb1ba583ab5bd40fddb~mv2.png/v1/fit/w_500,h_500,q_90/file.png|https://static.wixstatic.com/media/b4963b_d564cb8d1e5544a490e458af3598bf7e~mv2.png/v1/fit/w_500,h_500,q_90/file.png|https://static.wixstatic.com/media/b4963b_013db6c0618d4bc2b782620581beb38e~mv2.png/v1/fit/w_500,h_500,q_90/file.png",Club,Car TEMPO,2020,,motorcycle/powersports
2020-club-car-tempo,2020 Club Car TEMPO,4900,2020 Club Car TEMPOAN2020075441F1 miRED/BRNCharger included,https://www.bocapowersports.com/product-page/2020-club-car-tempo,"https://static.wixstatic.com/media/b4963b_4080ec3fd57640d1930c89f52630aa49~mv2.png/v1/fit/w_500,h_500,q_90/file.png","https://static.wixstatic.com/media/b4963b_a6bcf661122b4e38a9e512c411b2fdc5~mv2.png/v1/fit/w_500,h_500,q_90/file.png|https://static.wixstatic.com/media/b4963b_d2985b2dbf104c90a5cda9d45e4ddb9e~mv2.png/v1/fit/w_500,h_500,q_90/file.png|https://static.wixstatic.com/media/b4963b_b8f9fbf4cc9f423996f92df0d4357cd7~mv2.png/v1/fit/w_500,h_500,q_90/file.png|https://static.wixstatic.com/media/b4963b_cb7cc362eb364fdeab49ebdf1992d1c8~mv2.png/v1/fit/w_500,h_500,q_90/file.png|https://static.wixstatic.com/media/b4963b_e1007ebe62d74510aebd61ac620b233d~mv2.png/v1/fit/w_500,h_500,q_90/file.png|https://static.wixstatic.com/media/b4963b_c78929b1acbc494ba9e7469e3ea17e06~mv2.png/v1/fit/w_500,h_500,q_90/file.png|https://static.wixstatic.com/media/b4963b_b887e912f4344152b97f8e0ea7100096~mv2.png/v1/fit/w_500,h_500,q_90/file.png|https://static.wixstatic.com/media/b4963b_60878ae8362d4c18ac63a922764a88a2~mv2.png/v1/fit/w_500,h_500,q_90/file.png",Club,Car TEMPO,2020,,motorcycle/powersports
2024-porsche-macan,2024 Porsche Macan,49900,"2024 Porsche MacanWP1AA2A58RLB1612749,820 miWhite/Black. Great condition   Clear CarFax. One owner   We finance",https://www.bocapowersports.com/product-page/2024-porsche-macan,"https://static.wixstatic.com/media/b4963b_9fb606b609c24ebd9ce4bb9888151ab9~mv2.jpg/v1/fit/w_500,h_500,q_90/file.jpg","https://static.wixstatic.com/media/b4963b_172a0ebf16b34a64bed8872c2f5dd323~mv2.jpg/v1/fit/w_500,h_500,q_90/file.jpg|https://static.wixstatic.com/media/b4963b_d1055781986e4c5cabf03f9c96376f56~mv2.jpg/v1/fit/w_500,h_500,q_90/file.jpg|https://static.wixstatic.com/media/b4963b_a1a6e0b88b9f4347b49214a17f76e9a8~mv2.jpg/v1/fit/w_500,h_500,q_90/file.jpg|https://static.wixstatic.com/media/b4963b_acd7727fd8b742c991b491c8313cf759f002.jpg/v1/fit/w_500,h_500,q_90/file.jpg|https://static.wixstatic.com/media/b4963b_1fdf6c96671843549f869f2b80e7bc3e~mv2.jpg/v1/fit/w_500,h_500,q_90/file.jpg|https://static.wixstatic.com/media/b4963b_882e22db89b04d32b29c18fb4fcdf735~mv2.jpg/v1/fit/w_500,h_500,q_90/file.jpg|https://static.wixstatic.com/media/b4963b_fead158ffb514eb98e05d0489d520943~mv2.jpg/v1/fit/w_500,h_500,q_90/file.jpg|https://static.wixstatic.com/media/b4963b_cfb922ee4f814f0c91ee210b940bbd63~mv2.jpg/v1/fit/w_500,h_500,q_90/file.jpg|https://static.wixstatic.com/media/b4963b_13a94411358843c481b67fb96ec43819~mv2.jpg/v1/fit/w_500,h_500,q_90/file.jpg|https://static.wixstatic.com/media/b4963b_d5a31e6555404e8487fd283f5feb8da1~mv2.jpg/v1/fit/w_500,h_500,q_90/file.jpg",Porsche,Macan,2024,,motorcycle/powersports
2015-thor-motor-coach-four-winds-series-m-26a-e350-v10-values,2015 THOR MOTOR COACH FOUR WINDS SERIES M-26A E350-V10 VALUES,39900,"2015 THOR MOTOR COACH FOUR WINDS SERIES M-26A E350-V10 VALUES  Ford E-3501FDWE3FS8EDA782709981 miWhite/Tan   New tires less 1k miles Key Specifications (2015 Four Winds 26A)Length: 27 ft 0 in - 27 ft 6 inChassis: Ford E-350 (6.8L V10 305HP engine)Sleeps: 7 - 8 Slides: 1 (Rear queen bed slide)Fuel Capacity: 55 galWater Tanks: 40 gal Fresh / 26 gal Gray / 26 gal BlackExterior Height: 10' 10&quot;Common Features and LayoutThe 26A floor plan is designed for families, featuring a queen-sized bed in the rear, a booth dinette, and a jack-knife sofa.Kitchen: Double sink, 3-burner range-top, microwave, and double-door refrigerator.Bathroom: Rear corner bath with a shower, toilet, and sink.Interior: Vinyl flooring, overhead storage, and an optional 24&quot; LED TV in the bedroom.Exterior: Power patio awning with integrated LED lighting, roof ladder, and a 4.0 kW generator with only 7 hours.Storage: Includes a &quot;MEGA Storage&quot; compartment on some models.2015 Four Winds 26A ConsiderationsPerformance: Built on the Ford E-350, it is powered by the Triton V10, providing solid, though thirsty, power for towing and climbing.",https://www.bocapowersports.com/product-page/2015-thor-motor-coach-four-winds-series-m-26a-e350-v10-values,"https://static.wixstatic.com/media/b4963b_73833373af3b4c5db9902d58ee363798~mv2.jpg/v1/fit/w_500,h_500,q_90/file.jpg","https://static.wixstatic.com/media/b4963b_c6123db5d099497bb6f45934a0e027d1~mv2.jpg/v1/fit/w_500,h_500,q_90/file.jpg|https://static.wixstatic.com/media/b4963b_6b1637e2456e43e1bacdcbc59f51bc46~mv2.jpg/v1/fit/w_500,h_500,q_90/file.jpg|https://static.wixstatic.com/media/b4963b_c48502de6d0a456cbf312d317e1bab53~mv2.jpg/v1/fit/w_500,h_500,q_90/file.jpg|https://static.wixstatic.com/media/b4963b_dd2528793f6244dca25684833e926f16~mv2.jpg/v1/fit/w_500,h_500,q_90/file.jpg|https://static.wixstatic.com/media/b4963b_ab1faaa61fea4097a63c7b185a90683c~mv2.jpg/v1/fit/w_500,h_500,q_90/file.jpg|https://static.wixstatic.com/media/b4963b_5bbec2f6cf68408894ef3bcb0ffc4b26~mv2.jpg/v1/fit/w_500,h_500,q_90/file.jpg|https://static.wixstatic.com/media/b4963b_a2afd3d6e7354493bdd0e62e54944726~mv2.jpg/v1/fit/w_500,h_500,q_90/file.jpg|https://static.wixstatic.com/media/b4963b_b9e8f0fa1aed48a2966f5e050e36bc47~mv2.jpg/v1/fit/w_500,h_500,q_90/file.jpg|https://static.wixstatic.com/media/b4963b_86bab1dc0b934fceaaa0f34c34b5358c~mv2.jpg/v1/fit/w_500,h_500,q_90/file.jpg|https://static.wixstatic.com/media/b4963b_d977041c40b84c738f80c464fdc8ba9a~mv2.jpg/v1/fit/w_500,h_500,q_90/file.jpg|https://static.wixstatic.com/media/b4963b_6936b308961f47f9a986c2aef56338a1~mv2.jpg/v1/fit/w_500,h_500,q_90/file.jpg|https://static.wixstatic.com/media/b4963b_fd777bb269a14546b6419939e13d1457~mv2.jpg/v1/fit/w_500,h_500,q_90/file.jpg|https://static.wixstatic.com/media/b4963b_3aa831fd84ad49f9a261d51319873bb8~mv2.jpg/v1/fit/w_500,h_500,q_90/file.jpg|https://static.wixstatic.com/media/b4963b_4e5bdede12e54d9d9a791e4c4bf94cff~mv2.jpg/v1/fit/w_500,h_500,q_90/file.jpg",THOR,MOTOR COACH FOUR,2015,new,motorcycle/powersports
2013-cape-horn-23-w-yamaha-250hp,2013  Cape Horn 215 CC w/ Yamaha 250HP,19900,"Great condition 2013 The Yamaha LF250XCA is a 250HP, V6 4.2L with only 2000 hours counter-rotating four-stroke outboard that has been in production from at least 2011 through 2021 and later. It is not limited to a single year but represents a model series (V6 4.2L) Trolling motor   All new five batteries  Huge cooler. Live bait well. Audio system   The 22’ hull is 1999 in great shape  old school quality . Produced in Pensacola Florida.   Trailer worthy with absolutely new tires. Ready to fishing The 1999 Cape Horn 22 Center Console (CC) is a rugged, unsinkable offshore fishing boat. Known for a heavy-duty, wood-free fiberglass construction and a wide beam, it handles rough water exceptionally well. Used models typically sell between \(\$15,000\) and \(\$25,000\), depending on engine condition.Key SpecificationsLength Overall: 22 feet (typically 20'8&quot; to 22' depending on pulpit/bracket)Beam: 8 feet 6 inchesFuel Capacity: ~128 gallonsHull Construction: 12 layers of hand-laid glass, foam-filled, completely wood-freeMaximum Horsepower: Up to ~300 HP (commonly rigged with 200–250 HP outboard engines)Fishing &amp;amp; Design FeaturesUnsinkable Design: Features a foam-filled hull and high freeboard, making it highly regarded for safety in offshore conditions.Layout: Built as a no-nonsense fishing machine. It lacks a traditional molded inner liner in favor of raw, hose-and-go simplicity.Storage &amp;amp; Amenities: Includes a massive locking center console, a large bow fish box, and a spacious circular transom livewell.Market &amp;amp; ValuationBecause of its hardcore offshore reputation, these boats hold their value for anglers who want a durable, rough-water hull. Vintage values and specs can be researched directly on the JD Power database.If you are looking to purchase one or want to compare current listings, you can browse available inventory on Boats.com. To get a deeper sense of owner sentiment regarding its build and &quot;unsinkable&quot; claims, check out the continuousWave discussion forums. For more details on the brand's current manufacturing philosophy, visit Cape Horn",https://www.bocapowersports.com/product-page/2013-cape-horn-23-w-yamaha-250hp,"https://static.wixstatic.com/media/b4963b_9d9901c2f06e4122a305aa036a56a14f~mv2.png/v1/fit/w_500,h_500,q_90/file.png","https://static.wixstatic.com/media/b4963b_41b439d95d31490da2e1c486474e1a16~mv2.png/v1/fit/w_500,h_500,q_90/file.png|https://static.wixstatic.com/media/b4963b_1720aadf41034bc3bb3e625f7f8a7d08~mv2.png/v1/fit/w_500,h_500,q_90/file.png|https://static.wixstatic.com/media/b4963b_814126e1044b4b0eaeb4ccafdb56a572~mv2.png/v1/fit/w_500,h_500,q_90/file.png|https://static.wixstatic.com/media/b4963b_42e84d5644f442ffa8c5e671e8b85f24~mv2.png/v1/fit/w_500,h_500,q_90/file.png|https://static.wixstatic.com/media/b4963b_154e6963441940f1814ba4e68541d090~mv2.png/v1/fit/w_500,h_500,q_90/file.png|https://static.wixstatic.com/media/b4963b_af44b40d82644cbcb8eec64a78983584~mv2.png/v1/fit/w_500,h_500,q_90/file.png|https://static.wixstatic.com/media/b4963b_9e82da01cd5342fbb978db473ae9009a~mv2.png/v1/fit/w_500,h_500,q_90/file.png|https://static.wixstatic.com/media/b4963b_9153b72d877f4e19b45dc902bf6144fa~mv2.png/v1/fit/w_500,h_500,q_90/file.png|https://static.wixstatic.com/media/b4963b_9e5b3136069a4a1fa5384751bd3062a1~mv2.png/v1/fit/w_500,h_500,q_90/file.png|https://static.wixstatic.com/media/b4963b_42aed8eb190f45c08dc79a92ca3a1159~mv2.png/v1/fit/w_500,h_500,q_90/file.png|https://static.wixstatic.com/media/b4963b_1444d92f860b481b8903071cdf30d762~mv2.png/v1/fit/w_500,h_500,q_90/file.png|https://static.wixstatic.com/media/b4963b_d743dd4efbe04da781b2c77c4235fc7e~mv2.png/v1/fit/w_500,h_500,q_90/file.png|https://static.wixstatic.com/media/b4963b_877c38dc42124ccfaad35d7b9331d7f1~mv2.png/v1/fit/w_500,h_500,q_90/file.png|https://static.wixstatic.com/media/b4963b_1addee903bd14df0add4998194a180aaf002.jpg/v1/fit/w_500,h_500,q_90/file.jpg",Cape,Horn 215 CC,2013,used,motorcycle/powersports
2016-motor-coach-synergy-sp24-sprinter,2016 Motor Coach is Synergy SP24 Sprinter,49900,"2016 Motor Coach Synergy SP24 Sprinter, WDAPF4CC1G964084971,493 mi    Smooth, Powerful Diesel. Automatic Transmition.  class C. Two Slides, 6 People capacity Bunk bed. Dinner table, Recliner Sofa. Queen size bed. Skylight. Full kitchen. Internet receiver. Three TVs. Two inside one outside      Vent covers. Full bathroom   Awning   Rear camera   Entertainment system   Generator Onan. New batteries   Tires like new 2024 produced. Ready to go. We finance. Go to Bocapowersports",https://www.bocapowersports.com/product-page/2016-motor-coach-synergy-sp24-sprinter,"https://static.wixstatic.com/media/b4963b_b241ae1dc96b450f8611632394775f00~mv2.jpg/v1/fit/w_500,h_500,q_90/file.jpg","https://static.wixstatic.com/media/b4963b_22b10732152744e2a4ccc79c08f2e944~mv2.png/v1/fit/w_500,h_500,q_90/file.png|https://static.wixstatic.com/media/b4963b_36663537620c4b968d0079bf39b373f3~mv2.png/v1/fit/w_500,h_500,q_90/file.png|https://static.wixstatic.com/media/b4963b_121d8ea1c712444ba08bdaf13acfcf25~mv2.jpg/v1/fit/w_500,h_500,q_90/file.jpg|https://static.wixstatic.com/media/b4963b_c2b253d929ba48eb8dfd01f7e415ccfe~mv2.jpg/v1/fit/w_500,h_500,q_90/file.jpg|https://static.wixstatic.com/media/b4963b_ed4a7c514da145faa214a66638ec14c0~mv2.jpg/v1/fit/w_500,h_500,q_90/file.jpg|https://static.wixstatic.com/media/b4963b_333058ff610e4c18849db8fa5a1f4b2b~mv2.jpg/v1/fit/w_500,h_500,q_90/file.jpg|https://static.wixstatic.com/media/b4963b_16d16f7944044b7ab7a2019e3805c17b~mv2.jpg/v1/fit/w_500,h_500,q_90/file.jpg|https://static.wixstatic.com/media/b4963b_5b3299347cbd490aadd801f12c3c6e3b~mv2.jpg/v1/fit/w_500,h_500,q_90/file.jpg|https://static.wixstatic.com/media/b4963b_bc8c881d3bed408c9182d1074552c7bb~mv2.jpg/v1/fit/w_500,h_500,q_90/file.jpg|https://static.wixstatic.com/media/b4963b_6bcc7d5d5cad4c51aeb57fe789ec5646~mv2.jpg/v1/fit/w_500,h_500,q_90/file.jpg|https://static.wixstatic.com/media/b4963b_6ebdead3845e420aaee5962179b579f8~mv2.jpg/v1/fit/w_500,h_500,q_90/file.jpg|https://static.wixstatic.com/media/b4963b_3fadac61e6e746498e993345192fe324~mv2.jpg/v1/fit/w_500,h_500,q_90/file.jpg|https://static.wixstatic.com/media/b4963b_26c14ee75fd5460ea350f2e2967bd666~mv2.jpg/v1/fit/w_500,h_500,q_90/file.jpg",Motor,Coach is Synergy,2016,new,truck/van
2003-key-west-1720-w-yamaha-80hp-only-177-hours,2003 Key west 1720 w/Yamaha 80HP only 177 hours,9900,2003 Key west CC 1720 w/ Yamaha  80HP Four Stroke only 177 hours on engine KWEBC251I203. GPS fishfnder,https://www.bocapowersports.com/product-page/2003-key-west-1720-w-yamaha-80hp-only-177-hours,"https://static.wixstatic.com/media/b4963b_8b27387b19114d4b8d56a07a5d5d5fec~mv2.png/v1/fit/w_500,h_500,q_90/file.png","https://static.wixstatic.com/media/b4963b_363d94df626249f5af65cc68275957b4~mv2.png/v1/fit/w_500,h_500,q_90/file.png|https://static.wixstatic.com/media/b4963b_a83b0d9501064cca971c54abbc7cc36b~mv2.png/v1/fit/w_500,h_500,q_90/file.png|https://static.wixstatic.com/media/b4963b_32a302dc42624b9f83ca14aded15a6cd~mv2.png/v1/fit/w_500,h_500,q_90/file.png|https://static.wixstatic.com/media/b4963b_1dd9235f4a6948d9858e8ec72f6c12f2~mv2.png/v1/fit/w_500,h_500,q_90/file.png|https://static.wixstatic.com/media/b4963b_4d602c0ef3924ee2b7c0b5e9b39f0bca~mv2.png/v1/fit/w_500,h_500,q_90/file.png|https://static.wixstatic.com/media/b4963b_5ac6575735f848f1aae041cd30f9ddc1~mv2.png/v1/fit/w_500,h_500,q_90/file.png|https://static.wixstatic.com/media/b4963b_d7252a06f7794b8ebd5205a6dd072453~mv2.png/v1/fit/w_500,h_500,q_90/file.png|https://static.wixstatic.com/media/b4963b_0f913446c1874fb7b9605d138e1dae4c~mv2.png/v1/fit/w_500,h_500,q_90/file.png|https://static.wixstatic.com/media/b4963b_c77a137bba324e48a8c5839de1a76dfe~mv2.png/v1/fit/w_500,h_500,q_90/file.png|https://static.wixstatic.com/media/b4963b_fd83d3b6ed2f484195d55fdfa587fe24~mv2.png/v1/fit/w_500,h_500,q_90/file.png|https://static.wixstatic.com/media/b4963b_bb254cfdea2f449fbc830b937356cdbd~mv2.png/v1/fit/w_500,h_500,q_90/file.png|https://static.wixstatic.com/media/b4963b_7c0fe183f500457997e3cd115c36359f~mv2.png/v1/fit/w_500,h_500,q_90/file.png",Key,west 1720 w/Yamaha,2003,,motorcycle/powersports
2018-freightliner-mt-45-chassis,2018 FREIGHTLINER  MT 45 CHASSIS,39900,"2018 FREIGHTLINER  MT 45 CHASSI4UZAAPFD3JCJT3934109,120WHITE/BLKCLEAN CAR FAX. We finance.LOCATION CHICAGO!!!",https://www.bocapowersports.com/product-page/2018-freightliner-mt-45-chassis,"https://static.wixstatic.com/media/b4963b_a2ba92edeb4f464ebb4584a1e9325e54~mv2.png/v1/fit/w_500,h_500,q_90/file.png","https://static.wixstatic.com/media/b4963b_d03848985eab4a2989a77b04d2dd3399~mv2.png/v1/fit/w_500,h_500,q_90/file.png|https://static.wixstatic.com/media/b4963b_baa83bf02d364636ac534e61e6e4a3ea~mv2.png/v1/fit/w_500,h_500,q_90/file.png|https://static.wixstatic.com/media/b4963b_ae68b5fbdbd244b08997d00628214df1~mv2.png/v1/fit/w_500,h_500,q_90/file.png|https://static.wixstatic.com/media/b4963b_2a496627c55a4a4fbceba52246ef42b5~mv2.png/v1/fit/w_500,h_500,q_90/file.png|https://static.wixstatic.com/media/b4963b_58f58208d9e4434490d7ac101272e424~mv2.png/v1/fit/w_500,h_500,q_90/file.png|https://static.wixstatic.com/media/b4963b_caf5e1efd05a42e9ae7cf7aca09e23c2~mv2.png/v1/fit/w_500,h_500,q_90/file.png|https://static.wixstatic.com/media/b4963b_3105a0e7b5c8494887898f8cb3e9c25b~mv2.png/v1/fit/w_500,h_500,q_90/file.png|https://static.wixstatic.com/media/b4963b_c648602a90874308abf6ab510d895052~mv2.png/v1/fit/w_500,h_500,q_90/file.png|https://static.wixstatic.com/media/b4963b_78507a0fd31241dca5ccecd0a4571ecc~mv2.png/v1/fit/w_500,h_500,q_90/file.png|https://static.wixstatic.com/media/b4963b_666e1a3708d048a6a6c32afc55e55868~mv2.png/v1/fit/w_500,h_500,q_90/file.png|https://static.wixstatic.com/media/b4963b_e634101429fa4e2985b005a0fbf4cb2e~mv2.png/v1/fit/w_500,h_500,q_90/file.png|https://static.wixstatic.com/media/b4963b_5446c6c2eb6a4d428d5f8bbc32b1e764~mv2.png/v1/fit/w_500,h_500,q_90/file.png|https://static.wixstatic.com/media/b4963b_a5f6182469604051bff07e1a792ce3dc~mv2.png/v1/fit/w_500,h_500,q_90/file.png|https://static.wixstatic.com/media/b4963b_730ab6c82cbc43edb987148d6e4e701b~mv2.png/v1/fit/w_500,h_500,q_90/file.png",FREIGHTLINER,MT 45 CHASSIS,2018,,motorcycle/powersports
2018-mercedes-benz-sprinter-2500-cargo-van-high-roof-144-3-wb,2018 Mercedes-Benz Sprinter 3500 Cargo Van High Roof 144.3&quot; WB,13900,"2018 Mercedes-Benz Sprinter 3500 Cargo Van High Roof 144.3&quot; WBWD3PE7CDXJP633325140,212miRWD3.0L 6 Cyl TurboDieselAutoClothVery good condition. We finance",https://www.bocapowersports.com/product-page/2018-mercedes-benz-sprinter-2500-cargo-van-high-roof-144-3-wb,"https://static.wixstatic.com/media/b4963b_73e65680d3c641c887a7850bbf653391~mv2.png/v1/fit/w_500,h_500,q_90/file.png","https://static.wixstatic.com/media/b4963b_e34437ca164a432d8ea4daabd46e5532~mv2.png/v1/fit/w_500,h_500,q_90/file.png|https://static.wixstatic.com/media/b4963b_6c8fd86f18444a7b91dbae4d0fee626a~mv2.png/v1/fit/w_500,h_500,q_90/file.png|https://static.wixstatic.com/media/b4963b_42fbea7781594a9dbf373f0ca282506c~mv2.png/v1/fit/w_500,h_500,q_90/file.png|https://static.wixstatic.com/media/b4963b_b2a05555cf074b079a1dff46df629e93~mv2.png/v1/fit/w_500,h_500,q_90/file.png|https://static.wixstatic.com/media/b4963b_b90b84eac7a44302bdb77f326e456678~mv2.png/v1/fit/w_500,h_500,q_90/file.png|https://static.wixstatic.com/media/b4963b_99b1d1ede85849ff9b959ec14446af27~mv2.png/v1/fit/w_500,h_500,q_90/file.png|https://static.wixstatic.com/media/b4963b_71c5f812553c4c369672249a982035d2~mv2.png/v1/fit/w_500,h_500,q_90/file.png|https://static.wixstatic.com/media/b4963b_5c2825e29f7944d7b08d0c152ff03bf9f002.jpg/v1/fit/w_500,h_500,q_90/file.jpg",Mercedes-Benz,Sprinter 3500 Cargo,2018,,truck/van
2018-thor-a-c-e-29-4-only-18k-miles,2018 THOR  A.C.E.  29.4’ only 18k miles,49900,"2018 THOR  A.C.E.  29.4’1F65F5DY3H0A0221318,374 miTan/TAN  condition like new. Two slides. Bunk bed above driver seat queen size. Recliner sofa.  King size bed.  Danette   8 people capacity. Full kitchen. Fill bathroom. Three TVs. One outside   A lot of storages. Outside kitchen with sink and refrigerator   Automatic Jacks system   Generator ONAN  with only  147.5 GEN HOURS. Full video on our website or YouTube channel Bocapowersports",https://www.bocapowersports.com/product-page/2018-thor-a-c-e-29-4-only-18k-miles,"https://static.wixstatic.com/media/b4963b_0a91a9432eb34aba987ccccc03bafb44~mv2.jpg/v1/fit/w_500,h_500,q_90/file.jpg","https://static.wixstatic.com/media/b4963b_5810ce2bd88647769bc2ce6e23f3fe42~mv2.jpg/v1/fit/w_500,h_500,q_90/file.jpg|https://static.wixstatic.com/media/b4963b_95c4fdead32c493dbcb3ed996f452ff7~mv2.jpg/v1/fit/w_500,h_500,q_90/file.jpg|https://static.wixstatic.com/media/b4963b_53353e470f8241188517f6ba743459f4~mv2.jpg/v1/fit/w_500,h_500,q_90/file.jpg|https://static.wixstatic.com/media/b4963b_84f33e9bfe6447a79a7edbd1233b0112~mv2.jpg/v1/fit/w_500,h_500,q_90/file.jpg|https://static.wixstatic.com/media/b4963b_0848875ea74448d283b731867e050f0f~mv2.jpg/v1/fit/w_500,h_500,q_90/file.jpg|https://static.wixstatic.com/media/b4963b_2493f2a5763d4c9b97c84c5e7e4134e0~mv2.jpg/v1/fit/w_500,h_500,q_90/file.jpg|https://static.wixstatic.com/media/b4963b_56423865e49844f1bf1432b707b58c15~mv2.jpg/v1/fit/w_500,h_500,q_90/file.jpg|https://static.wixstatic.com/media/b4963b_f68de127a877482c9bd30551a89e30c3~mv2.jpg/v1/fit/w_500,h_500,q_90/file.jpg|https://static.wixstatic.com/media/b4963b_b5c36e80ae574a4995e8d0387f8d9866~mv2.jpg/v1/fit/w_500,h_500,q_90/file.jpg|https://static.wixstatic.com/media/b4963b_508c4f69fccd43eda707eaea7a154850~mv2.jpg/v1/fit/w_500,h_500,q_90/file.jpg|https://static.wixstatic.com/media/b4963b_f2c2716ac372417388b5bc35f10a5595~mv2.jpg/v1/fit/w_500,h_500,q_90/file.jpg|https://static.wixstatic.com/media/b4963b_5de713950a464c90ba7a4fbd185405d7~mv2.jpg/v1/fit/w_500,h_500,q_90/file.jpg|https://static.wixstatic.com/media/b4963b_5733d49f752f4f6db04053e28a3f6622~mv2.jpeg/v1/fit/w_500,h_500,q_90/file.jpg|https://static.wixstatic.com/media/b4963b_b3604fd5c4994b018d5dbf5778c3dc98~mv2.jpg/v1/fit/w_500,h_500,q_90/file.jpg",THOR,A.C.E. 29.4’ only,2018,new,motorcycle/powersports
2017-ford-e-350,2017 Ford E-350,19900,"2017 Ford E-3501FC3E3K63HDC6572777,676 miWhite/Not Specified. Great condition. We finance business",https://www.bocapowersports.com/product-page/2017-ford-e-350,"https://static.wixstatic.com/media/b4963b_1a3b126bc6a0424c8f12804618b039ea~mv2.jpg/v1/fit/w_500,h_500,q_90/file.jpg","https://static.wixstatic.com/media/b4963b_a1860c532e74483598128ff4323b1836~mv2.jpg/v1/fit/w_500,h_500,q_90/file.jpg|https://static.wixstatic.com/media/b4963b_ce1e22d9f4c04a81bfbbf8bc0819a980~mv2.jpg/v1/fit/w_500,h_500,q_90/file.jpg|https://static.wixstatic.com/media/b4963b_6411b66b0c5c4d23bd6e3c910ab7ce53~mv2.jpg/v1/fit/w_500,h_500,q_90/file.jpg|https://static.wixstatic.com/media/b4963b_97141179a7f043b7ae650bedd4c0631c~mv2.jpg/v1/fit/w_500,h_500,q_90/file.jpg|https://static.wixstatic.com/media/b4963b_695b17e3fa944144a3aa5bb23efc35ce~mv2.jpg/v1/fit/w_500,h_500,q_90/file.jpg|https://static.wixstatic.com/media/b4963b_05362ffef0964dc09f4f954c43d39b61~mv2.jpg/v1/fit/w_500,h_500,q_90/file.jpg|https://static.wixstatic.com/media/b4963b_ddcc5a102897450a9c4e416eb89206f3~mv2.jpg/v1/fit/w_500,h_500,q_90/file.jpg|https://static.wixstatic.com/media/b4963b_7259da2879054b509fb4f75d731b4b16~mv2.jpg/v1/fit/w_500,h_500,q_90/file.jpg|https://static.wixstatic.com/media/b4963b_4e9815672aa04830a34516a193422896~mv2.jpg/v1/fit/w_500,h_500,q_90/file.jpg|https://static.wixstatic.com/media/b4963b_96be4e970fdb4ee99297925a8a2bea46~mv2.jpg/v1/fit/w_500,h_500,q_90/file.jpg|https://static.wixstatic.com/media/b4963b_e860ccd42e4e4f67bb951474e8ca3899~mv2.jpg/v1/fit/w_500,h_500,q_90/file.jpg|https://static.wixstatic.com/media/b4963b_3d7c52bbbdcd4662b676474e8af92d67~mv2.jpg/v1/fit/w_500,h_500,q_90/file.jpg|https://static.wixstatic.com/media/b4963b_502c25df86884f8cb626e8ffd1a502c7~mv2.jpg/v1/fit/w_500,h_500,q_90/file.jpg|https://static.wixstatic.com/media/b4963b_cfc5a775b0d7419dbd75c8db20b729bbf002.jpg/v1/fit/w_500,h_500,q_90/file.jpg",Ford,E-350,2017,,motorcycle/powersports
2020-ford-f-59-fedex-stepvan,2020 Ford F-59 FedEx Stepvan,55900,We finance,https://www.bocapowersports.com/product-page/2020-ford-f-59-fedex-stepvan,"https://static.wixstatic.com/media/b4963b_3a13da123ecd41d08366d5278a1629b1~mv2.jpg/v1/fit/w_500,h_500,q_90/file.jpg","https://static.wixstatic.com/media/b4963b_c52c56bf200b4fb590959822a753c14df002.jpg/v1/fit/w_500,h_500,q_90/file.jpg|https://static.wixstatic.com/media/b4963b_10ffb7656cb4440d9e6f13f7902ea383~mv2.jpg/v1/fit/w_500,h_500,q_90/file.jpg|https://static.wixstatic.com/media/b4963b_22bd5eed77124b60ad63926d3487c0e1~mv2.jpg/v1/fit/w_500,h_500,q_90/file.jpg|https://static.wixstatic.com/media/b4963b_958c896704234177a07ca9f57fe01808~mv2.jpg/v1/fit/w_500,h_500,q_90/file.jpg|https://static.wixstatic.com/media/b4963b_220a6cfdf435482686ab87ee3f91c3aa~mv2.jpg/v1/fit/w_500,h_500,q_90/file.jpg|https://static.wixstatic.com/media/b4963b_1f775a1527ac4758b742cd60155e3011~mv2.jpg/v1/fit/w_500,h_500,q_90/file.jpg|https://static.wixstatic.com/media/b4963b_558fc2a91de04abd8410a561d4055216~mv2.jpg/v1/fit/w_500,h_500,q_90/file.jpg|https://static.wixstatic.com/media/b4963b_7ca3bff41a2f458a9380aa62b1063ec2~mv2.jpg/v1/fit/w_500,h_500,q_90/file.jpg|https://static.wixstatic.com/media/b4963b_e7be9c42569445178ec198c8ae4ca646~mv2.jpg/v1/fit/w_500,h_500,q_90/file.jpg|https://static.wixstatic.com/media/b4963b_a288349837e14af5b7b3d2d0ab3e852a~mv2.jpg/v1/fit/w_500,h_500,q_90/file.jpg|https://static.wixstatic.com/media/b4963b_35d9e03c3e7946b1ba63d8ec1da4a217~mv2.jpg/v1/fit/w_500,h_500,q_90/file.jpg|https://static.wixstatic.com/media/b4963b_fa6848c8ac2c406091dd70b2dac5713b~mv2.jpg/v1/fit/w_500,h_500,q_90/file.jpg|https://static.wixstatic.com/media/b4963b_9395769a3b8f4cccbe7fdd9b4e4ebd51~mv2.jpg/v1/fit/w_500,h_500,q_90/file.jpg",Ford,F-59 FedEx Stepvan,2020,,truck/van
hurricane-237-sundeck-24,Hurricane 237 SunDeck 24',16900,"We asking money only for new model 250 HP 2022 Suzuki engine which paid $24k (check pictures) Boat hull and trailer coming for free. Everything works great. The hull is great condition. Old school built not modern trash. 2022 Suzuki  250HP with only 450 hours (Paid $24000 for new engine in 2023 check pictures for details)  with old school reliable 2002 Hurricane 237 SunDeck 24'. Great condition, 50 MPH max speed , 12 People capacity . Great family boat. Sink, Toilet, Bimini top, Front and rear ladder, Trailer included. All has clean titles. Hurry up!!! Don’t miss this great deal!!!",https://www.bocapowersports.com/product-page/hurricane-237-sundeck-24,"https://static.wixstatic.com/media/b4963b_4a84a6719d6b4353a08cfef5223e514c~mv2.png/v1/fit/w_500,h_500,q_90/file.png","https://static.wixstatic.com/media/b4963b_c98506109b4447218b6a4a14287866b0~mv2.png/v1/fit/w_500,h_500,q_90/file.png|https://static.wixstatic.com/media/b4963b_35f641e2aaad4158b00caa00f2302b9d~mv2.png/v1/fit/w_500,h_500,q_90/file.png|https://static.wixstatic.com/media/b4963b_e9afea16df0340aab458dac3992b74fe~mv2.png/v1/fit/w_500,h_500,q_90/file.png|https://static.wixstatic.com/media/b4963b_c895ac55e3ac4a3bb9c2c0cf744b3808~mv2.png/v1/fit/w_500,h_500,q_90/file.png|https://static.wixstatic.com/media/b4963b_7545a62d55ed4fd2ad4842b3ca36bddf~mv2.png/v1/fit/w_500,h_500,q_90/file.png|https://static.wixstatic.com/media/b4963b_f7aaca8eea1c4847b6d062ed4d5141b4~mv2.png/v1/fit/w_500,h_500,q_90/file.png|https://static.wixstatic.com/media/b4963b_5759a8226463482b9f152d686b233dfc~mv2.png/v1/fit/w_500,h_500,q_90/file.png|https://static.wixstatic.com/media/b4963b_5f855b3870f84445bc001a40040814ac~mv2.png/v1/fit/w_500,h_500,q_90/file.png|https://static.wixstatic.com/media/b4963b_b7c5fbdf548d4a78a7c5cf4aa330c838~mv2.png/v1/fit/w_500,h_500,q_90/file.png|https://static.wixstatic.com/media/b4963b_354149b8fef04b22af32e37cff8e05a3~mv2.png/v1/fit/w_500,h_500,q_90/file.png|https://static.wixstatic.com/media/b4963b_597b51f5ed49494ab04bc11825abd05b~mv2.png/v1/fit/w_500,h_500,q_90/file.png|https://static.wixstatic.com/media/b4963b_ec44dbaac013491f8141aa4803e6bf20~mv2.png/v1/fit/w_500,h_500,q_90/file.png|https://static.wixstatic.com/media/b4963b_28a35344e85943199fc3b70be9a132e1~mv2.png/v1/fit/w_500,h_500,q_90/file.png",Hurricane,237 SunDeck 24',,new,boat
copy-of-2013-jeep-wrangler-sahara,2013 Jeep Wrangler SAHARA,11900,"2013 Jeep Wrangler SAHARA1C4BJWEG0DL582815136,612 miGreat condition. We finance.",https://www.bocapowersports.com/product-page/copy-of-2013-jeep-wrangler-sahara,"https://static.wixstatic.com/media/b4963b_6bc0d481e8b842db9c511e7f97a67ffe~mv2.jpg/v1/fit/w_500,h_500,q_90/file.jpg","https://static.wixstatic.com/media/b4963b_129b340bb75945018aa46ae331a89aaaf003.jpg/v1/fit/w_500,h_500,q_90/file.jpg|https://static.wixstatic.com/media/b4963b_fc8b1a32d41e46468e934277fe141def~mv2.jpg/v1/fit/w_500,h_500,q_90/file.jpg|https://static.wixstatic.com/media/b4963b_06fe9e29ee6a48c69ee0ec4e501bb0ab~mv2.jpg/v1/fit/w_500,h_500,q_90/file.jpg|https://static.wixstatic.com/media/b4963b_2009f0c74fbf4aa190f4bfe68eba3ce7~mv2.jpg/v1/fit/w_500,h_500,q_90/file.jpg|https://static.wixstatic.com/media/b4963b_a075c9c5fc794e9ab8612aa42f23d0a8~mv2.jpg/v1/fit/w_500,h_500,q_90/file.jpg|https://static.wixstatic.com/media/b4963b_1e6a28b77b884eeb83f8dcc9f9a08194~mv2.jpg/v1/fit/w_500,h_500,q_90/file.jpg|https://static.wixstatic.com/media/b4963b_088284ceb795475dab3da02cde7bb5cb~mv2.jpg/v1/fit/w_500,h_500,q_90/file.jpg|https://static.wixstatic.com/media/b4963b_82b3232ca19b46af86d840160dfdbc9b~mv2.jpg/v1/fit/w_500,h_500,q_90/file.jpg|https://static.wixstatic.com/media/b4963b_3ef7acf5c5d94a97b5a6b00955893b53~mv2.jpg/v1/fit/w_500,h_500,q_90/file.jpg|https://static.wixstatic.com/media/b4963b_7544831da46444d081881aff55fd6f1a~mv2.jpg/v1/fit/w_500,h_500,q_90/file.jpg|https://static.wixstatic.com/media/b4963b_405082365bc94533aa1573bd58547f19~mv2.jpg/v1/fit/w_500,h_500,q_90/file.jpg|https://static.wixstatic.com/media/b4963b_4c9300398de64449bec513eb8a5c4613~mv2.jpg/v1/fit/w_500,h_500,q_90/file.jpg|https://static.wixstatic.com/media/b4963b_b3b2ca1460c447f2b90c947348b9805e~mv2.jpg/v1/fit/w_500,h_500,q_90/file.jpg|https://static.wixstatic.com/media/b4963b_3f712a8208ed4eed9d2b31709cf975a7~mv2.jpg/v1/fit/w_500,h_500,q_90/file.jpg",Jeep,Wrangler SAHARA,2013,,car
2019-mercedes-benz-sprinter-2500-cargo,2019 Mercedes-Benz Sprinter 3500 Cargo Van High Roof 170.0&quot;,19900,"2019 Mercedes-Benz Sprinter 2500 Cargo Van High Roof 170.0&quot; WBWD4PF1CD9KP141442101,629miRWD3.0L 6 Cyl TurboDieselAutoClothwe finance   !!!Price includes any color paint job with one year warranty!!!",https://www.bocapowersports.com/product-page/2019-mercedes-benz-sprinter-2500-cargo,"https://static.wixstatic.com/media/b4963b_84f8672addc24fc38ed3112c85c5878e~mv2.png/v1/fit/w_500,h_500,q_90/file.png","https://static.wixstatic.com/media/b4963b_c98c6d30b4fb4375aa557359472289bb~mv2.png/v1/fit/w_500,h_500,q_90/file.png|https://static.wixstatic.com/media/b4963b_e5b4b3e9e1ea468b90613540b204a6b5~mv2.png/v1/fit/w_500,h_500,q_90/file.png|https://static.wixstatic.com/media/b4963b_63e637c6623940aaa429c844c90198de~mv2.png/v1/fit/w_500,h_500,q_90/file.png|https://static.wixstatic.com/media/b4963b_edc386c48fa34e75a9c720fa9d47313c~mv2.png/v1/fit/w_500,h_500,q_90/file.png|https://static.wixstatic.com/media/b4963b_daa63c6f4788484e8276e6bd8c2f02ea~mv2.png/v1/fit/w_500,h_500,q_90/file.png|https://static.wixstatic.com/media/b4963b_81d96f52f97f4c38b0b1d42b2124eeee~mv2.png/v1/fit/w_500,h_500,q_90/file.png|https://static.wixstatic.com/media/b4963b_efbe1dc2423b4744a112d521525c3f35~mv2.png/v1/fit/w_500,h_500,q_90/file.png|https://static.wixstatic.com/media/b4963b_e41b4fbaee1f44318505ad79adb4801e~mv2.png/v1/fit/w_500,h_500,q_90/file.png|https://static.wixstatic.com/media/b4963b_debd9b77c4d14ad5b9beb3788ae1a902~mv2.png/v1/fit/w_500,h_500,q_90/file.png|https://static.wixstatic.com/media/b4963b_1d9bdd48967d4203a2a7fc58199985a4~mv2.png/v1/fit/w_500,h_500,q_90/file.png|https://static.wixstatic.com/media/b4963b_0328fa625bbd463fb12fd7a72990e08f~mv2.png/v1/fit/w_500,h_500,q_90/file.png|https://static.wixstatic.com/media/b4963b_dcbf575a31dd48088a3c5be65e86e1c7~mv2.png/v1/fit/w_500,h_500,q_90/file.png",Mercedes-Benz,Sprinter 3500 Cargo,2019,,truck/van
2005-mako-212-central-console-w-225-honda,2005 Mako 212 Central Console w/225 Honda,29900,"The 2005 Mako 212 Center Console paired with a Honda 225 hp four-stroke outboard is a rugged, deep-V offshore fishing rig. Garmin GPS/Fishfinder, CB Radio. New apostrophe. New T-Top canvas. New wheels. With a solid 8.5-foot beam and 93-gallon fuel capacity, it offers 360-degree fishability and a smooth ride in choppy waters.Key Specs &amp;amp; FeaturesLength: 21' 5&quot;Beam: 8' 6&quot;Dry Weight (Hull): ~3,000 lbsMax HP: 250 hpFuel Capacity: 93 gallonsDeadrise: 20 degreesStandard Features: Built-in insulated fish boxes, leaning post with rod holders, raw water washdown, and a console large enough for a porta-potty or dry https://offerup.com/redirect/?o=c3RvcmFnZS5Ib25kYQ== 225 PerformanceThe Honda BF225 is a popular pairing for this hull, providing reliable VTEC technology for hole-shot acceleration and strong mid-range torque. Cruising speeds typically sit in the 28 to 33 mph range (yielding ~3.5 MPG), with a wide-open throttle (WOT) reaching roughly 45 to 48 mph depending on load and prop https://offerup.com/redirect/?o=c2VsZWN0aW9uLk1hcmtldA== &amp;amp; PricingOn the used market, a 2005 Mako 212 with a Honda 225 usually lists between $25,000 and $30,000, heavily dependent on engine hours, the condition of the upholstery, and whether a trailer or updated electronics are included.",https://www.bocapowersports.com/product-page/2005-mako-212-central-console-w-225-honda,"https://static.wixstatic.com/media/b4963b_00ef1fcd7bba4e57b66bf4f2b8afbe4a~mv2.png/v1/fit/w_500,h_500,q_90/file.png","https://static.wixstatic.com/media/b4963b_6bd9716b2f5e4b6ca062cd00439425ce~mv2.png/v1/fit/w_500,h_500,q_90/file.png|https://static.wixstatic.com/media/b4963b_97015360db1f4cbf993e26ae743dc3d7~mv2.png/v1/fit/w_500,h_500,q_90/file.png|https://static.wixstatic.com/media/b4963b_8ce6b912c01447519ad716f4d94b4bfa~mv2.png/v1/fit/w_500,h_500,q_90/file.png|https://static.wixstatic.com/media/b4963b_054278000fcd45e986aa2b22e2880ce6~mv2.png/v1/fit/w_500,h_500,q_90/file.png|https://static.wixstatic.com/media/b4963b_498803a8b4594abdb6ec46dc02f9f83e~mv2.png/v1/fit/w_500,h_500,q_90/file.png|https://static.wixstatic.com/media/b4963b_9d04899f51764789a7849dbcadf42b22~mv2.png/v1/fit/w_500,h_500,q_90/file.png|https://static.wixstatic.com/media/b4963b_55434292731c43eeac444a26e02a7ef1~mv2.png/v1/fit/w_500,h_500,q_90/file.png|https://static.wixstatic.com/media/b4963b_dd9550710055409cbfb7667a0ce47721~mv2.png/v1/fit/w_500,h_500,q_90/file.png|https://static.wixstatic.com/media/b4963b_e50abf81ece14b8ebccbb55f971ae9e6~mv2.png/v1/fit/w_500,h_500,q_90/file.png|https://static.wixstatic.com/media/b4963b_99e1f82beabe43d899025ca13086e349~mv2.png/v1/fit/w_500,h_500,q_90/file.png|https://static.wixstatic.com/media/b4963b_c7e8e0c192a3498b94060d84ddceacf9~mv2.png/v1/fit/w_500,h_500,q_90/file.png|https://static.wixstatic.com/media/b4963b_7f63467e9dad49a885901d3f3a7b04ce~mv2.jpg/v1/fit/w_500,h_500,q_90/file.jpg|https://static.wixstatic.com/media/b4963b_11625adf61494d1d898631af633b17b5f002.jpg/v1/fit/w_500,h_500,q_90/file.jpg",Mako,212 Central Console,2005,used,motorcycle/powersports
2016-thor-motor-coach-freedom-elite-series-m-28bh-e35-v10,2012 COACHMEN BY FOREST RIVER FREELANDER SERIES M-31 FK FORD E450,32900,"2011 COACHMEN BY FOREST RIVER FREELANDER SERIES M-31 FK FORD E-450Original milage 12,767 milesAutomatic Transmission6.8 L 10 CYLINDER GASRear Wheel DriveWhite/tan  absolutely clean title   No accidents. One slide. Great condition. Huge space inside with opened slide   8 people capacity   Queen bed   Bunk bed, recliner sofa and dinette full kitchen and bathroom   A/C   3 TVs Everything works     New tires with warranty. New house and truck batteries Generator ONAN   4000. Ready to campground.   We finance   Easy to drive and park.",https://www.bocapowersports.com/product-page/2016-thor-motor-coach-freedom-elite-series-m-28bh-e35-v10,"https://static.wixstatic.com/media/b4963b_77a67ec5604e4df2b07e667ae1328f58~mv2.jpg/v1/fit/w_500,h_500,q_90/file.jpg","https://static.wixstatic.com/media/b4963b_c89a479938534d178c92f2003407f4dbf002.jpg/v1/fit/w_500,h_500,q_90/file.jpg|https://static.wixstatic.com/media/b4963b_bba45bb83fc9457e885a6469b35d008f~mv2.jpg/v1/fit/w_500,h_500,q_90/file.jpg|https://static.wixstatic.com/media/b4963b_9e0780eb558643379e9df8df44fde275~mv2.jpg/v1/fit/w_500,h_500,q_90/file.jpg|https://static.wixstatic.com/media/b4963b_293758e29b7749faac704337b55535d7~mv2.jpg/v1/fit/w_500,h_500,q_90/file.jpg|https://static.wixstatic.com/media/b4963b_f5ff99e358cc40e5bf94ee77c0ea5b42~mv2.jpg/v1/fit/w_500,h_500,q_90/file.jpg|https://static.wixstatic.com/media/b4963b_58767c0789804870af81bca96aabeff7~mv2.jpg/v1/fit/w_500,h_500,q_90/file.jpg|https://static.wixstatic.com/media/b4963b_98a7ec7d115b4e55afea80bec31405d0~mv2.jpg/v1/fit/w_500,h_500,q_90/file.jpg|https://static.wixstatic.com/media/b4963b_2259d1d784a5488f80259e908bd461e8~mv2.jpg/v1/fit/w_500,h_500,q_90/file.jpg|https://static.wixstatic.com/media/b4963b_21b1c3029fae46eeb2bc5e8a8a0c1269~mv2.jpg/v1/fit/w_500,h_500,q_90/file.jpg|https://static.wixstatic.com/media/b4963b_0d488b262bc9469ba39d3377e916721a~mv2.jpg/v1/fit/w_500,h_500,q_90/file.jpg|https://static.wixstatic.com/media/b4963b_bcbe711748e44bea99622370198c1a9f~mv2.jpg/v1/fit/w_500,h_500,q_90/file.jpg|https://static.wixstatic.com/media/b4963b_d9021509903f4a8fac8412cb0cbad073~mv2.jpg/v1/fit/w_500,h_500,q_90/file.jpg|https://static.wixstatic.com/media/b4963b_d80a640854354735ae3df3f92560086af002.jpg/v1/fit/w_500,h_500,q_90/file.jpg|https://static.wixstatic.com/media/b4963b_08da796d98ec43eab8ab0bd7a984caf7f002.jpg/v1/fit/w_500,h_500,q_90/file.jpg",COACHMEN,BY FOREST RIVER,2012,new,motorcycle/powersports
2013-jeep-wrangler-sahara,2013 Jeep Wrangler SAHARA,11900,"2013 Jeep Wrangler SAHARA1C4BJWEG0DL582815136,612 Original Jeep painting Jeep recently showed off the new Moab Edition Wrangler at the Paris Auto Show. It was also the first sighting of one of the new Wrangler colors for 2013, Rock Lobster. The pictures of Jeep's new colors always look a bit different in person, but I hope this reddish-orange is close to the real deal. The 2013 Jeep Rock Lobster color code is primarily PKT or LKT, often listed as PKT/AY110LKT. This vibrant red, available on Wranglers,Excellent shapeGreat condition. We finance.",https://www.bocapowersports.com/product-page/2013-jeep-wrangler-sahara,"https://static.wixstatic.com/media/b4963b_5095fcd0bca34ad1a2ad00a479551454~mv2.jpg/v1/fit/w_500,h_500,q_90/file.jpg","https://static.wixstatic.com/media/b4963b_e40653dd48d94e859b23bb1b396a3a99f003.jpg/v1/fit/w_500,h_500,q_90/file.jpg|https://static.wixstatic.com/media/b4963b_f92994750d394d8a8e54e26718fa9f6e~mv2.jpg/v1/fit/w_500,h_500,q_90/file.jpg|https://static.wixstatic.com/media/b4963b_33e731ce39cd4bae99e4a97c24667a0d~mv2.jpg/v1/fit/w_500,h_500,q_90/file.jpg|https://static.wixstatic.com/media/b4963b_4f3fbd29f0054f819f6d5105f8ce69e8~mv2.jpg/v1/fit/w_500,h_500,q_90/file.jpg|https://static.wixstatic.com/media/b4963b_d16c1a5e3348424aadd5f1b18418a162~mv2.jpg/v1/fit/w_500,h_500,q_90/file.jpg|https://static.wixstatic.com/media/b4963b_9befdd3933bc477397d3b5381007009d~mv2.jpg/v1/fit/w_500,h_500,q_90/file.jpg|https://static.wixstatic.com/media/b4963b_79e6a9cffdae4fee91f3b02474888e8f~mv2.jpg/v1/fit/w_500,h_500,q_90/file.jpg|https://static.wixstatic.com/media/b4963b_9abed245221e4982becf0fb409d49bb3~mv2.jpg/v1/fit/w_500,h_500,q_90/file.jpg|https://static.wixstatic.com/media/b4963b_0d3b2e2fbb8f46989238e75582c4202c~mv2.jpg/v1/fit/w_500,h_500,q_90/file.jpg|https://static.wixstatic.com/media/b4963b_26b9de1cd1214800b2d2c8051f1c8139~mv2.jpg/v1/fit/w_500,h_500,q_90/file.jpg|https://static.wixstatic.com/media/b4963b_3b43b14a4a75454daf830f62dc8ed4af~mv2.jpg/v1/fit/w_500,h_500,q_90/file.jpg|https://static.wixstatic.com/media/b4963b_0e9f9ab83b494be5a5f5cf06019cc56c~mv2.jpg/v1/fit/w_500,h_500,q_90/file.jpg|https://static.wixstatic.com/media/b4963b_101e9cb921284726b83e38f1fd7f4c96~mv2.jpg/v1/fit/w_500,h_500,q_90/file.jpg|https://static.wixstatic.com/media/b4963b_bbe736ccb989479e8370028dbd8bf435~mv2.jpg/v1/fit/w_500,h_500,q_90/file.jpg",Jeep,Wrangler SAHARA,2013,new,car
2023-ford-f-150-xlt-2-7-turbocharger,2023 Ford F-150 XL 2.7 Turbocharger,19900,2023 Ford F-150 XL 2.7 Turbocharger   Bed 6.5’. Great condition   Smell new   Minor damage   Picture on our website BocapowersportsRebuilded title. Cash only BODY STYLEExtended Cab PickupEXTERIOR COLOROxford WhiteINTERIOR COLORBlack W/Medium Dark SlateFuel EconomyCITY/HIGHWAY20/26 MPGENGINERegular Unleaded 2.7 L EcoBoostTRANSMISSIONAutomatic / RWDFUEL TYPEGasoline Fuel. Ready to everything,https://www.bocapowersports.com/product-page/2023-ford-f-150-xlt-2-7-turbocharger,"https://static.wixstatic.com/media/b4963b_7eda3a48eca44ea592b290a1c4376e38~mv2.jpg/v1/fit/w_500,h_500,q_90/file.jpg","https://static.wixstatic.com/media/b4963b_ae74bc92dbd74cea8eee56ce0fd6c37a~mv2.jpg/v1/fit/w_500,h_500,q_90/file.jpg|https://static.wixstatic.com/media/b4963b_20cb0564102c4c978cfe28895cd78fb6~mv2.jpg/v1/fit/w_500,h_500,q_90/file.jpg|https://static.wixstatic.com/media/b4963b_7dbcd41023e94a19884121c72c0d4469~mv2.jpg/v1/fit/w_500,h_500,q_90/file.jpg|https://static.wixstatic.com/media/b4963b_1a4a9514e8214c969a114cf30b9b0ac2~mv2.jpg/v1/fit/w_500,h_500,q_90/file.jpg|https://static.wixstatic.com/media/b4963b_41d3db91af39456daf068b86503dab2e~mv2.jpg/v1/fit/w_500,h_500,q_90/file.jpg|https://static.wixstatic.com/media/b4963b_4e65cb42f9d549678ca24a18841817d0~mv2.jpg/v1/fit/w_500,h_500,q_90/file.jpg|https://static.wixstatic.com/media/b4963b_03e554b7dc6c4c2695c8631062bdf6fc~mv2.jpg/v1/fit/w_500,h_500,q_90/file.jpg|https://static.wixstatic.com/media/b4963b_917d5736d7ce444588f5e9095f0eaeb0~mv2.jpg/v1/fit/w_500,h_500,q_90/file.jpg|https://static.wixstatic.com/media/b4963b_42a1c55ee26a428691ba22968d08df1c~mv2.jpg/v1/fit/w_500,h_500,q_90/file.jpg|https://static.wixstatic.com/media/b4963b_945f3b525328462991988e54915aca84~mv2.jpg/v1/fit/w_500,h_500,q_90/file.jpg|https://static.wixstatic.com/media/b4963b_75c02d83b612449e9482202f1a16a342~mv2.jpg/v1/fit/w_500,h_500,q_90/file.jpg|https://static.wixstatic.com/media/b4963b_238ffbd721aa46d78788c6af6acb43cf~mv2.jpg/v1/fit/w_500,h_500,q_90/file.jpg|https://static.wixstatic.com/media/b4963b_992ce71ecd5f495ca44771b82a27524b~mv2.png/v1/fit/w_500,h_500,q_90/file.png|https://static.wixstatic.com/media/b4963b_f8df0d75bf11497baefac1298a91bf1af003.jpg/v1/fit/w_500,h_500,q_90/file.jpg",Ford,F-150 XL 2.7,2023,new,motorcycle/powersports
robalo-2440-caddy-cabin,1994 Robalo 2440 caddy cabin,16900,"Great condition. All original 1994 engines, hull and trailer. One owner. Two  2 Liters Merc two strokes . Great both engines compression around 110. Starts easily. Cabin in great condition, All cushions like new. Toilet, Kitchen, Autopilot, Bimini top, GPS/Fishfinder. Canyon Electric down rigger  prewired with control on dashboard.  Trailer in great condition. Electric breaks. New tires. The boat just came from Cleveland OH on this trailer. The OH registration till 2028. you can find the video here.",https://www.bocapowersports.com/product-page/robalo-2440-caddy-cabin,"https://static.wixstatic.com/media/b4963b_3dd3cdab1a9d41ef854d8ea0f0fe3ba2~mv2.jpg/v1/fit/w_500,h_500,q_90/file.jpg","https://static.wixstatic.com/media/b4963b_6262d649932c47c9b40042e0e43dc5b3~mv2.jpg/v1/fit/w_500,h_500,q_90/file.jpg|https://static.wixstatic.com/media/b4963b_4e6b9013b10547ccb77585e6ae7cb2fd~mv2.jpg/v1/fit/w_500,h_500,q_90/file.jpg|https://static.wixstatic.com/media/b4963b_b3458b44f88e499bb025cdd4ea6a7ac5~mv2.jpg/v1/fit/w_500,h_500,q_90/file.jpg|https://static.wixstatic.com/media/b4963b_bc9604658aa84ea9b06f6e07eed0dee6~mv2.jpg/v1/fit/w_500,h_500,q_90/file.jpg|https://static.wixstatic.com/media/b4963b_e619efee4e644f77a219a757d7a62400f003.jpg/v1/fit/w_500,h_500,q_90/file.jpg|https://static.wixstatic.com/media/b4963b_e15efb2a5adb42b1923407d705024265f003.jpg/v1/fit/w_500,h_500,q_90/file.jpg|https://static.wixstatic.com/media/b4963b_00aa6f1d989a415d9c549d294bfe128c~mv2.jpg/v1/fit/w_500,h_500,q_90/file.jpg|https://static.wixstatic.com/media/b4963b_5ed7c929ce5147888ac58c51ec7a672f~mv2.jpg/v1/fit/w_500,h_500,q_90/file.jpg|https://static.wixstatic.com/media/b4963b_5f76a1ad05f943969d51691f8bf99835f002.jpg/v1/fit/w_500,h_500,q_90/file.jpg|https://static.wixstatic.com/media/b4963b_54c9814cd74740559c4a2bd1618441f6f002.jpg/v1/fit/w_500,h_500,q_90/file.jpg|https://static.wixstatic.com/media/b4963b_dafb634699c44e3185eaad2e2957e8a4~mv2.jpeg/v1/fit/w_500,h_500,q_90/file.jpg|https://static.wixstatic.com/media/b4963b_30c6e71f40ef4a6695d80cf1df35e732~mv2.jpeg/v1/fit/w_500,h_500,q_90/file.jpg|https://static.wixstatic.com/media/b4963b_66aa942ecfc04fd782f2d05ae1234e96f002.jpg/v1/fit/w_500,h_500,q_90/file.jpg|https://static.wixstatic.com/media/b4963b_6e9ddcc1e57a4ce290c61cd8a623392d~mv2.jpeg/v1/fit/w_500,h_500,q_90/file.jpg",Robalo,2440 caddy cabin,1994,new,boat
2021-ford-f-59amazon-27-605-mi,"2019 Ford E-450 Fedex  27,605 mi",39900,2019 Ford Super Duty E-450 Stripped Chassis DRW148000miRWD6.2L 8 CylFlexAutoClothWe finance Fedex contractors.  Call us we have more trucks,https://www.bocapowersports.com/product-page/2021-ford-f-59amazon-27-605-mi,"https://static.wixstatic.com/media/b4963b_f4659ed83043413aa8672d43e4cd727a~mv2.jpg/v1/fit/w_500,h_500,q_90/file.jpg","https://static.wixstatic.com/media/b4963b_200fb4d4138e40b5b8068b24658ee409~mv2.jpg/v1/fit/w_500,h_500,q_90/file.jpg|https://static.wixstatic.com/media/b4963b_ccfda5670f5444edb9229b7508f598be~mv2.jpg/v1/fit/w_500,h_500,q_90/file.jpg|https://static.wixstatic.com/media/b4963b_f5dc71061fce4bc4a81774ae9da6bdf5~mv2.jpg/v1/fit/w_500,h_500,q_90/file.jpg|https://static.wixstatic.com/media/b4963b_84eec36476d747f7b0a6edd01c3968e2~mv2.jpg/v1/fit/w_500,h_500,q_90/file.jpg|https://static.wixstatic.com/media/b4963b_144a68278c62401799f703a1f3147bf4~mv2.jpg/v1/fit/w_500,h_500,q_90/file.jpg|https://static.wixstatic.com/media/b4963b_3b338ab596af47d5a3ef1e504e6b65a8~mv2.jpg/v1/fit/w_500,h_500,q_90/file.jpg|https://static.wixstatic.com/media/b4963b_30cf4768a5754ad1a9050ca40ce97eef~mv2.jpg/v1/fit/w_500,h_500,q_90/file.jpg|https://static.wixstatic.com/media/b4963b_ecf4c1e670f243609a49937658b90db9~mv2.jpg/v1/fit/w_500,h_500,q_90/file.jpg|https://static.wixstatic.com/media/b4963b_9e21f45dbe504a7d90ffbc9bec597ae0~mv2.jpg/v1/fit/w_500,h_500,q_90/file.jpg|https://static.wixstatic.com/media/b4963b_eef55dc01fda4d0098db67595671dd35~mv2.jpg/v1/fit/w_500,h_500,q_90/file.jpg",Ford,"E-450 Fedex 27,605",2019,,motorcycle/powersports
2021-ford-f-59amazon-20-605-mi,2020 Ford F-59 FedEx ready,59900,2020 Ford F-59 1F65F5KN2L0A0586474000milesRWD7.3L 8 CylGasAutoClothWe finance Fedex contractors.  Call us we have more trucks,https://www.bocapowersports.com/product-page/2021-ford-f-59amazon-20-605-mi,"https://static.wixstatic.com/media/b4963b_3b8f22f5cbc04ebca329ba0fa4b1c0cb~mv2.jpg/v1/fit/w_500,h_500,q_90/file.jpg","https://static.wixstatic.com/media/b4963b_b6e4674f502e4fe4913012e13e769726~mv2.jpg/v1/fit/w_500,h_500,q_90/file.jpg|https://static.wixstatic.com/media/b4963b_ab9da8606bd34ee9920a4594ec41b720~mv2.jpg/v1/fit/w_500,h_500,q_90/file.jpg|https://static.wixstatic.com/media/b4963b_32fb41ba33a04f9f8284d8a145ff1573~mv2.jpg/v1/fit/w_500,h_500,q_90/file.jpg|https://static.wixstatic.com/media/b4963b_9d5c75baa4f049fe949e23f466e4d4db~mv2.jpg/v1/fit/w_500,h_500,q_90/file.jpg|https://static.wixstatic.com/media/b4963b_d8aea8a5d81a4efaab24a53ce3e18fd2~mv2.jpg/v1/fit/w_500,h_500,q_90/file.jpg|https://static.wixstatic.com/media/b4963b_05d80d6902ff4dc18597c6acb7a2b213~mv2.jpg/v1/fit/w_500,h_500,q_90/file.jpg|https://static.wixstatic.com/media/b4963b_0c70aba68af44d89b0a997d754562ceb~mv2.jpg/v1/fit/w_500,h_500,q_90/file.jpg|https://static.wixstatic.com/media/b4963b_4ce131570b064ee79c64869be73e9863~mv2.jpg/v1/fit/w_500,h_500,q_90/file.jpg|https://static.wixstatic.com/media/b4963b_5472c25470b04e25819ec8d5fe921a0e~mv2.jpg/v1/fit/w_500,h_500,q_90/file.jpg|https://static.wixstatic.com/media/b4963b_a3e30c4ca9574372866dd04b47f7693e~mv2.jpg/v1/fit/w_500,h_500,q_90/file.jpg|https://static.wixstatic.com/media/b4963b_464b509edd2b4877945e6f6ce02f65e0~mv2.jpg/v1/fit/w_500,h_500,q_90/file.jpg|https://static.wixstatic.com/media/b4963b_91145bec9c6742bd9db806e0a023ddfb~mv2.jpg/v1/fit/w_500,h_500,q_90/file.jpg|https://static.wixstatic.com/media/b4963b_25878421647d4137b39be8431b15ca11~mv2.jpg/v1/fit/w_500,h_500,q_90/file.jpg|https://static.wixstatic.com/media/b4963b_42a50271ab164eb5addba9bba72d04ef~mv2.jpg/v1/fit/w_500,h_500,q_90/file.jpg",Ford,F-59 FedEx ready,2020,,truck/van
harricane-fun-deck-196-w-yamaha-115hp-320-hours,2011 Harricane Fun Deck 196 w/Yamaha 115HP 320 hours,13900,"Do you want family fun?. It’s here. 2011 Hurricane Fun Deck 196 w/Yamaha 115HP four stroke 350 hours. 35mph. What you want : Fishing or Towing wakeboard or just getting sand bar fun. Included :Toilet   Two coolers, Trailer 2011 in great condition. Just came from NC Lawerence fish finder. 10 people capacity On a trailer, all works, perfect boat. Price firm",https://www.bocapowersports.com/product-page/harricane-fun-deck-196-w-yamaha-115hp-320-hours,"https://static.wixstatic.com/media/b4963b_3fb0ba2ca1bc4e7d9e6fb65c92bafd3e~mv2.png/v1/fit/w_500,h_500,q_90/file.png","https://static.wixstatic.com/media/b4963b_477be3eddfac42bfb639a8b57f91f968~mv2.jpg/v1/fit/w_500,h_500,q_90/file.jpg|https://static.wixstatic.com/media/b4963b_15b0ec297d574af19f98e4a2b319f4af~mv2.jpg/v1/fit/w_500,h_500,q_90/file.jpg|https://static.wixstatic.com/media/b4963b_d79887acef1749758772712237159f7a~mv2.jpg/v1/fit/w_500,h_500,q_90/file.jpg|https://static.wixstatic.com/media/b4963b_ba4097861cc8434cbf8e09008acebdb1~mv2.jpg/v1/fit/w_500,h_500,q_90/file.jpg|https://static.wixstatic.com/media/b4963b_06d8385aa210476a84ef63da86e85198~mv2.jpg/v1/fit/w_500,h_500,q_90/file.jpg|https://static.wixstatic.com/media/b4963b_f2dd58cadd0142bfb1c5844e444f0580~mv2.jpg/v1/fit/w_500,h_500,q_90/file.jpg|https://static.wixstatic.com/media/b4963b_bae124dede9b4217acc3a43fb4f2e1ce~mv2.jpg/v1/fit/w_500,h_500,q_90/file.jpg|https://static.wixstatic.com/media/b4963b_04e310700d4345b8ba15fe05dfa62873~mv2.jpg/v1/fit/w_500,h_500,q_90/file.jpg|https://static.wixstatic.com/media/b4963b_59e3351e9831406e9307fd0ff66220b5~mv2.jpg/v1/fit/w_500,h_500,q_90/file.jpg|https://static.wixstatic.com/media/b4963b_d8f73932f94740dc968233c07c7d9336f003.jpg/v1/fit/w_500,h_500,q_90/file.jpg|https://static.wixstatic.com/media/b4963b_8b9af0d209a3451d9f9a45565af2f0a3f003.jpg/v1/fit/w_500,h_500,q_90/file.jpg|https://static.wixstatic.com/media/b4963b_aa66502d88f14630be4156c360ea954b~mv2.jpg/v1/fit/w_500,h_500,q_90/file.jpg",Harricane,Fun Deck 196,2011,,boat
2013-mini-cooper-3d-4c-automatic,2013 Mini Cooper 3D 4C Automatic,4900,2013 Mini Cooper 3D 4C Automatic Great condition. New tires. Maintenance done. We finance.,https://www.bocapowersports.com/product-page/2013-mini-cooper-3d-4c-automatic,"https://static.wixstatic.com/media/b4963b_fb68bf23fe3a4e328d5d16d287e4bff7~mv2.jpg/v1/fit/w_500,h_500,q_90/file.jpg","https://static.wixstatic.com/media/b4963b_50c5f2463ce64246945b7ebcd0a37ce4~mv2.jpg/v1/fit/w_500,h_500,q_90/file.jpg|https://static.wixstatic.com/media/b4963b_253db2345b094df29f52821a07db815d~mv2.jpg/v1/fit/w_500,h_500,q_90/file.jpg|https://static.wixstatic.com/media/b4963b_e0d23ff048fb4990afafc97712649ac3~mv2.jpg/v1/fit/w_500,h_500,q_90/file.jpg|https://static.wixstatic.com/media/b4963b_197348b6c08a4f25a54c14311a02213c~mv2.jpg/v1/fit/w_500,h_500,q_90/file.jpg|https://static.wixstatic.com/media/b4963b_b19b39164b3d4cbcb8c906adb1aac53c~mv2.jpg/v1/fit/w_500,h_500,q_90/file.jpg|https://static.wixstatic.com/media/b4963b_f4ca4d5e03ac4aec8f5bf9e34d32483df003.jpg/v1/fit/w_500,h_500,q_90/file.jpg|https://static.wixstatic.com/media/b4963b_0f3ec4cc24144b37a0986448b88577d8~mv2.jpg/v1/fit/w_500,h_500,q_90/file.jpg|https://static.wixstatic.com/media/b4963b_10b86e97ada643b3aa86a32ae9e77779~mv2.jpg/v1/fit/w_500,h_500,q_90/file.jpg|https://static.wixstatic.com/media/b4963b_610f3cf9a1e04c898520af6a4bb8b662~mv2.jpg/v1/fit/w_500,h_500,q_90/file.jpg|https://static.wixstatic.com/media/b4963b_18bc00f275f64bf282cc838f356941f5~mv2.jpg/v1/fit/w_500,h_500,q_90/file.jpg|https://static.wixstatic.com/media/b4963b_be17c275c6a0477294857747efeafb23~mv2.jpg/v1/fit/w_500,h_500,q_90/file.jpg|https://static.wixstatic.com/media/b4963b_c9f08b940100466083d000450248fd2f~mv2.jpg/v1/fit/w_500,h_500,q_90/file.jpg|https://static.wixstatic.com/media/b4963b_9cb6e927bf3944db844438a17b53cf66~mv2.jpg/v1/fit/w_500,h_500,q_90/file.jpg|https://static.wixstatic.com/media/b4963b_3be76714ab834f629cbd7a92c87e0807~mv2.jpg/v1/fit/w_500,h_500,q_90/file.jpg",Mini,Cooper 3D 4C,2013,new,car
ynmar,2014 Hipower Generators HYW-45-T6 HIPOWER CEM7 40 kW 50 kVA,13900,"2014 HipowerGeneratorsHYW-45-T6HIPOWER CEM7 40 kW 50 kVAOnly 6000 hours ,  BOS, Manual included40 KW HIPOWER Diesel Generator 50 KVA, Three phase, Open type, EPA compliant, HYW-45-T6, Brand New, 2 Years Warranty YANMAR 4TNV98T, Turbocharged Heavy duty diesel engine, 4 stroke, 4 Cylinders, 1800RPM, Liquid cooled, Electronic governor, U.S. EPA / CARB Tier i4 compliantSTAMFORD CUMMINS UCI224D, 12 Leads brushless alternator. IP23 drip-proof protection, Insulation class H. Electronic Automatic voltage regulationSCHNEIDER, Main line circuit breaker, 3pole, set mounted, wired and maximum output rated for complete generator protection. CSA and UL LISTEDHIPOWER CEM7, Digital auto-start/stop control panel. All genset parameter, alarms and control functions. CE listedHIPOWER DAY TANK, Incorporated metallic fuel tank with electronic level sensing, single wall. Daily autonomy: 100L (26 gal) (10 hours runtime autonomy @ 75% load) BRAND NEW AND FULLY PACKAGED DIESEL GENERATOR SET INCLUDES STANDARD:Open skid typeAUTO start/stop control feature included for remote start via 2-Wire dry contactU.S. EPA / CARB TIER i4 compliant engine as per current U.S. Environmental Protection Agency regulationsEngine Governor and Regulation: Electronic Isochronous for extremely accurate +/-0.5% speed regulation12 lead reconnectable Alternator, brushless, single bearing, IP23 drip proof protection, Insulation class H/H, AVR, AS480, +/- 1.0% regulationRadiator rated for T° of 50°C [122°F] max with mechanical fanMicroprocessor based control panel12V charging alternator and 12V electrical starter motor12V charged DC starting battery with electrolyte and cables12V charged DC starting battery quick disconnect switch15dB(A) Industrial class silencer mounted and installed on the engineCartridge type Heavy duty 2-stage Dry type Air filter, Fuel filter and Oil filter spin-on elements installedMechanical Oil elevation pump for effortless maintenanceMechanically welded chassis with anti-vibration isolatorsEach unit prototype and individually factory load bank tested prior to shipping in ISO9001:2008 Quality Controlled facilitiesUser guide, commissioning and maintenance manual. Wiring diagrams included. (English, Spanish or French)The generator accepts 100% rated load in one step as per NFPA110 and meets ISO8528-5 class G-3 for transient responseMany options available: Aluminum enclosures, UL142 listed fuel tanks, UL1008 automatic transfer switches, Remote annunciators and MoreCompliant with ISO3046, ISO8528, BS4999, BS5514, BS5000PT99, AS1359, IEC34, UTE5100, VDE0530 and ISO9001:2008                               GENERATOR POWER RATINGS, DIMENSIONS AND WEIGHT:STANDARD POWER RATINGS: 44 KW (55 KVA) STANDBY, 40 KW (50 KVA) PRIME, 60 HZ, 1800 RPM, 3 PHASE, 0.8 PFSTANDARD VOLTAGES AVAILABLE: 208/120V, 220/110V, 220/127V, 230/115V, 240/120V, 240/139V, 416/240V, 440/254V, 460/265V, 480/277VDIMENSIONS OPEN TYPE: 1653mm [65.07in] x 810mm [31.88in] x 1254mm [49.37in], 730kg [1609 lbs] NetDOWNLOADS &amp;amp; WARRANTY",https://www.bocapowersports.com/product-page/ynmar,"https://static.wixstatic.com/media/b4963b_d6edd6c69e9e4edfbb0591120da65d8bf003.jpg/v1/fit/w_500,h_500,q_90/file.jpg","https://static.wixstatic.com/media/b4963b_da4a771826654734ab9f538c3b51a29a~mv2.png/v1/fit/w_500,h_500,q_90/file.png|https://static.wixstatic.com/media/b4963b_1bb18ae3e6364f5599680c8147ed613f~mv2.jpg/v1/fit/w_500,h_500,q_90/file.jpg|https://static.wixstatic.com/media/b4963b_eeaf9a968313482183c567d60770edfaf003.jpg/v1/fit/w_500,h_500,q_90/file.jpg|https://static.wixstatic.com/media/b4963b_90111d1624764a808103e131ac4fcb23~mv2.jpg/v1/fit/w_500,h_500,q_90/file.jpg|https://static.wixstatic.com/media/b4963b_28ff836c7da843619478cb73452cad82~mv2.jpg/v1/fit/w_500,h_500,q_90/file.jpg|https://static.wixstatic.com/media/b4963b_9383be76140b44a7b36f48473aea2a8cf002.jpg/v1/fit/w_500,h_500,q_90/file.jpg|https://static.wixstatic.com/media/b4963b_ac819a196c6c47b48453f2eaf994101d~mv2.jpg/v1/fit/w_500,h_500,q_90/file.jpg|https://static.wixstatic.com/media/b4963b_a6e86a5144a64e6ba9f84aedf1a55311~mv2.jpg/v1/fit/w_500,h_500,q_90/file.jpg|https://static.wixstatic.com/media/b4963b_6ab219f701554d17a4648fbff48a9638~mv2.jpg/v1/fit/w_500,h_500,q_90/file.jpg|https://static.wixstatic.com/media/b4963b_0bba298a5ffe4677ae7adc3bc18ae515~mv2.jpg/v1/fit/w_500,h_500,q_90/file.jpg|https://static.wixstatic.com/media/b4963b_6890407d48074d308d8e787999907a24~mv2.jpg/v1/fit/w_500,h_500,q_90/file.jpg|https://static.wixstatic.com/media/b4963b_56dcf044a4604235a2c25a6330bef0a6~mv2.jpg/v1/fit/w_500,h_500,q_90/file.jpg|https://static.wixstatic.com/media/b4963b_7ba266cc99bf4c108fe1862b832cb031~mv2.jpg/v1/fit/w_500,h_500,q_90/file.jpg|https://static.wixstatic.com/media/b4963b_749a084ae429457caf5fcd3e22ef6110~mv2.jpg/v1/fit/w_500,h_500,q_90/file.jpg",Hipower,Generators HYW-45-T6 HIPOWER,2014,new,motorcycle/powersports
2018-nissan-versa-s,2018 Nissan Versa S ready to Towing,3900,Ready to tow. Towing equipment installed $5k value. Manual transmission. We finance. Video on YouTube channel bocapowersportshttps://youtu.be/tjryk09_i0k?si=YpwWcYYHvpDZtmYz,https://www.bocapowersports.com/product-page/2018-nissan-versa-s,"https://static.wixstatic.com/media/b4963b_15dac3030e3e41899a2cb1a510d83828~mv2.png/v1/fit/w_500,h_500,q_90/file.png","https://static.wixstatic.com/media/b4963b_bf4d35bad8794a029bf667d33cc3ae46~mv2.png/v1/fit/w_500,h_500,q_90/file.png|https://static.wixstatic.com/media/b4963b_64ed8c4483874defbafa8ddbb970486d~mv2.png/v1/fit/w_500,h_500,q_90/file.png|https://static.wixstatic.com/media/b4963b_08e129ac3c294af59fde92ac8097cda5~mv2.png/v1/fit/w_500,h_500,q_90/file.png|https://static.wixstatic.com/media/b4963b_0165438c5d6a4be5879d54ad2755a820~mv2.png/v1/fit/w_500,h_500,q_90/file.png|https://static.wixstatic.com/media/b4963b_8d65df4bad894e39a3e7499e706453cc~mv2.png/v1/fit/w_500,h_500,q_90/file.png|https://static.wixstatic.com/media/b4963b_1ed0bd33ba1244a38808ddadbe2c9e41~mv2.png/v1/fit/w_500,h_500,q_90/file.png|https://static.wixstatic.com/media/b4963b_d4676fabdbd84b72966d2153cf16ff9a~mv2.png/v1/fit/w_500,h_500,q_90/file.png|https://static.wixstatic.com/media/b4963b_961271b8f2f7454385a9a340e7d67745~mv2.png/v1/fit/w_500,h_500,q_90/file.png|https://static.wixstatic.com/media/b4963b_00eb13354bb34642bde7d6f0ecd3817c~mv2.png/v1/fit/w_500,h_500,q_90/file.png|https://static.wixstatic.com/media/b4963b_5190a075ef3d4143bc6db31a75a10d06~mv2.png/v1/fit/w_500,h_500,q_90/file.png|https://static.wixstatic.com/media/b4963b_731dafc07985429b9066516735ce25af~mv2.png/v1/fit/w_500,h_500,q_90/file.png|https://static.wixstatic.com/media/b4963b_f2791b6c74a14fe6ab68679ff904e4c0~mv2.png/v1/fit/w_500,h_500,q_90/file.png|https://static.wixstatic.com/media/b4963b_48439ab41acc474694093a8cdfa49823~mv2.png/v1/fit/w_500,h_500,q_90/file.png|https://static.wixstatic.com/media/b4963b_93b1b23a80734105b3e981fd9dac526df003.jpg/v1/fit/w_500,h_500,q_90/file.jpg",Nissan,Versa S ready,2018,,car
2020-ford-f-59-1f65f5kn0l0a19228-70-605-mi-white,"2020 Ford F-59 1F65F5KN0L0A19228 70,605 mi White/--",55900,"2020 Ford F-591F65F5KN0L0A1922870,605 miWhite/--We finance Fedex contractors.  Call us we have more trucks",https://www.bocapowersports.com/product-page/2020-ford-f-59-1f65f5kn0l0a19228-70-605-mi-white,"https://static.wixstatic.com/media/b4963b_9cfb277bdd1841519e825cb86106dbec~mv2.png/v1/fit/w_500,h_500,q_90/file.png","https://static.wixstatic.com/media/b4963b_36479e9cf9014d10a4afe1c64e092224~mv2.png/v1/fit/w_500,h_500,q_90/file.png|https://static.wixstatic.com/media/b4963b_ea14c0eabbab4db0b44041d929b93816~mv2.png/v1/fit/w_500,h_500,q_90/file.png|https://static.wixstatic.com/media/b4963b_4e04e5c9b638415f9109357e17116313~mv2.png/v1/fit/w_500,h_500,q_90/file.png|https://static.wixstatic.com/media/b4963b_b0b138e3de544258a678e833230d21c8~mv2.png/v1/fit/w_500,h_500,q_90/file.png|https://static.wixstatic.com/media/b4963b_cf324fb35f6344deb371fc0de80587df~mv2.png/v1/fit/w_500,h_500,q_90/file.png|https://static.wixstatic.com/media/b4963b_15d59068030e442a9d18686255bc49c2~mv2.png/v1/fit/w_500,h_500,q_90/file.png|https://static.wixstatic.com/media/b4963b_9acc0c3d530141809ed2a758a672f83a~mv2.png/v1/fit/w_500,h_500,q_90/file.png|https://static.wixstatic.com/media/b4963b_7f0ae3fec5194288be803d9e95d778fe~mv2.png/v1/fit/w_500,h_500,q_90/file.png|https://static.wixstatic.com/media/b4963b_23c889814f6146c9b2b7df8042e08694~mv2.png/v1/fit/w_500,h_500,q_90/file.png|https://static.wixstatic.com/media/b4963b_475f2b1220f0419f8ee4752ba58d6c42~mv2.png/v1/fit/w_500,h_500,q_90/file.png|https://static.wixstatic.com/media/b4963b_6fbe7f3d20cb4bb19fb3a931b2a73e49~mv2.png/v1/fit/w_500,h_500,q_90/file.png|https://static.wixstatic.com/media/b4963b_8078ac5c248f436aab1d5e2986695e3e~mv2.png/v1/fit/w_500,h_500,q_90/file.png|https://static.wixstatic.com/media/b4963b_11afe7dcd65a408d8b91e40b43a6892a~mv2.png/v1/fit/w_500,h_500,q_90/file.png|https://static.wixstatic.com/media/b4963b_50f3a428d4fe4586baf82e1eaa08baac~mv2.png/v1/fit/w_500,h_500,q_90/file.png",Ford,"F-59 1F65F5KN0L0A19228 70,605",2020,,truck/van
1978-chevrolet-corvette-1z87l8s401926-16-676mi-2wd-8-cyl-gasoline-auto-vinyl,"1978 CHEVROLET CORVETTE  1Z87L8S401926•16,676mi•2WD•8 Cyl•Gasoline•Auto•Vinyl",6900,"1978 CHEVROLET CORVETTE 1Z87L8S401926•16,676mi•2WD•8 Cyl•Gasoline•Auto•Vinyl",https://www.bocapowersports.com/product-page/1978-chevrolet-corvette-1z87l8s401926-16-676mi-2wd-8-cyl-gasoline-auto-vinyl,"https://static.wixstatic.com/media/b4963b_ea057203833347918f1002bc0688dfe1~mv2.jpg/v1/fit/w_500,h_500,q_90/file.jpg","https://static.wixstatic.com/media/b4963b_ff5469b1c40846048207a8532fe5ca20~mv2.jpg/v1/fit/w_500,h_500,q_90/file.jpg|https://static.wixstatic.com/media/b4963b_188a2f5f9f1c4970a433ac875b73e4a0~mv2.jpg/v1/fit/w_500,h_500,q_90/file.jpg|https://static.wixstatic.com/media/b4963b_74b301d7ecb946e9b1aad406f485e051~mv2.jpg/v1/fit/w_500,h_500,q_90/file.jpg|https://static.wixstatic.com/media/b4963b_48ea0cc3bde446dca0047ac50af08072~mv2.jpg/v1/fit/w_500,h_500,q_90/file.jpg|https://static.wixstatic.com/media/b4963b_29a3118e3b3c46a7b2305b80799f615b~mv2.jpg/v1/fit/w_500,h_500,q_90/file.jpg|https://static.wixstatic.com/media/b4963b_0541ddd5632b43d593eef4e3f8f8904a~mv2.jpg/v1/fit/w_500,h_500,q_90/file.jpg|https://static.wixstatic.com/media/b4963b_6ec9eed72bcf4371b1c9494952d68899~mv2.jpg/v1/fit/w_500,h_500,q_90/file.jpg|https://static.wixstatic.com/media/b4963b_c35d3a1c60e847f98778126de3c477a3~mv2.jpg/v1/fit/w_500,h_500,q_90/file.jpg|https://static.wixstatic.com/media/b4963b_0f40600f6ea341768ec49225022d420c~mv2.jpg/v1/fit/w_500,h_500,q_90/file.jpg|https://static.wixstatic.com/media/b4963b_7c8afcd94a424fc88ad03d749ea24e6b~mv2.png/v1/fit/w_500,h_500,q_90/file.png|https://static.wixstatic.com/media/b4963b_cb6d8db1d1c44492b4fe67f72f228732~mv2.png/v1/fit/w_500,h_500,q_90/file.png|https://static.wixstatic.com/media/b4963b_df0ab1ff87614f25ad3025e2c6705e19~mv2.png/v1/fit/w_500,h_500,q_90/file.png|https://static.wixstatic.com/media/b4963b_0cdcc9472a02457bad5394960af56987f003.jpg/v1/fit/w_500,h_500,q_90/file.jpg|https://static.wixstatic.com/media/b4963b_29931ccc49874264aeab933f6dbbc087f003.jpg/v1/fit/w_500,h_500,q_90/file.jpg",CHEVROLET,"CORVETTE 1Z87L8S401926•16,676mi•2WD•8 Cyl•Gasoline•Auto•Vinyl",1978,,car
2017-chevrolet-express-3500-cutaway-1wt-drw,2017 Chevrolet Express 3500 6.0L  16’ DRW,14900,"2017 Chevrolet Express 3500 Cutaway 1WT DRW1HA3GSCG0HN008056114,993miRWD6.0L 8 CylGasAutoClothPackages3500 VAN PREFERRED EQUIPMENT GROUP - 1WT Includes Standard EquipmentCONVENIENCE PACKAGE, TILT-WHEEL AND (K34) CRUISE CONTROL - ZQ3GVWR, 10,050 lbs. (4559 kg) (Requires (R05) dual rear wheel configuration. Not available with (YF1) RV Package or (R04) single rear wheel combination. Reference the Engine/Axle page for availability.)Equipment Steel Wheels BODY, STANDARD CRUISE CONTROL CONSOLE, ENGINE COVER AUDIO SYSTEM FEATURE, USB PORT SEATS, FRONT BUCKET WITH CUSTOM CLOTH TRIM, HEAD RESTRAINTS AND INBOARD ARMRESTS FUEL, ADDITIONAL 3-GALLONS FUEL TANK CAPACITY, APPROXIMATELY 57 GALLONS (215.7L). TIRES, REAR LT225/75R16E ALL-SEASON, BLACKWALL SEATING ARRANGEMENT, DRIVER AND FRONT PASSENGER HIGHBACK BUCKET TIRES, FRONT LT225/75R16E ALL-SEASON, BLACKWALL WHEEL CONFIGURATION, REAR, DUAL MIRRORS, OUTSIDE WIDE-STANCE SAIL PANEL MOUNTED (VELVAC). EMISSIONS, CONNECTICUT, DELAWARE, MAINE, MARYLAND, MASSACHUSETTS, NEW JERSEY, NEW YORK, OREGON, PENNSYLVANIA, RHODE ISLAND, VERMONT AND WASHINGTON STATE REQUIREMENTS AUDIO SYSTEM, AM/FM STEREO WITH MP3 PLAYER AND USB PORT MEDIUM PEWTER, CUSTOM CLOTH SEAT TRIM WHEELS, 6 - 16&quot; X 6.5&quot; (40.6 CM X 16.5 CM) 8-LUG PAINTED STEEL, HEAVY DUTY AIR CONDITIONING, SINGLE-ZONE MANUAL EMISSIONS OVERRIDE, FEDERAL REAR AXLE, 3.73 RATIO GVWR, 12,300 LBS. (5579 KG) MIRROR, INSIDE REARVIEW MANUAL DAY/NIGHTOptionsInterior Visors, driver and front passenger, cloth, padded Theft-deterrent system, vehicle, PASS-Key III Warning tones, headlamp on and key-in-ignition Power outlets 2 auxiliary on engine console cover with covers, 12-volt Power outlet, 120-volt Lighting, interior with dome light and door handle-activated switches Oil life monitor Instrumentation, analog with speedometer, odometer with trip odometer, fuel level, voltmeter, engine temperature and oil pressure Headliner, cloth, over driver and passenger Floor covering, Black rubberized-vinyl front Heater and defogger with front and side window defoggers Cup holders, 3 on the engine console cover Assist handles, driver and right-front passengerExterior Wheel configuration, rear, dual (Not available with (C4M) 9900 lbs. (4490 kg) GVWR, (JFF) 10,100 lbs. (4581 kg) GVWR or (JL4) StabiliTrak.) License plate kit, front Glass, Solar-Ray light-tinted, all windows Grille, Black composite with single rectangular halogen headlamps (Not available with (ZR7) Chrome Appearance Package.) Mirrors, outside delete (Not available with (5Q7) Upfitter option Blank Sail Panel Delete when ordered with (YF2) Ambulance Package.) Flasher, heavy duty light emitting diode (LED) Bumper, front painted Black with step-pad (Deleted when (ZR7) Chrome Appearance Package is ordered.)Comfort And Convenience Wipers, front intermittent wet-arm with pulse washers Driver Information Center includes fuel range, average speed, oil life, fuel used, ice warning, engine hours, average fuel economy, tachometer and maintenance reminders Air conditioning, single-zone manual (Not available with (R6G) air conditioning delete.) Audio system, AM/FM stereo with MP3 player seek-and-scan, digital clock, TheftLock, random select, auxiliary jack and 2 front door speakers (Not available with (YF1) RV Package.)Mechanical Transmission oil cooler, external Tow/haul mode selector, instrument panel-mounted Suspension, rear hypoid drive axle with multi-leaf springs Suspension, front independent with coil springs and stabilizer bar Incomplete vehicle certification Rear Axle, 3.73 Ratio (Requires (9N2) 10,050 lbs. (4559 kg) GVWR or (C7N) 12,300 lbs. (5579 kg) GVWR or (YF2) Ambulance Package. Reference the Engine/Axle page for availability.) Frame, ladder-type Fuel tank capacity, mid-frame and approximately 33 gallons (124.9L) Exhaust, aluminized stainless-steel muffler and tailpipe Steering, power Body, standard Brakes, 4-wheel antilock, 4-wheel disc Alternator, 150 amps Battery, 600 cold-cranking amps maintenance-free with rundown protection and retained accessory powerSafety And Security Daytime Running Lamps Brake/transmission shift interlock for automatic transmissions Air bags, frontal, driver and right-front passenger (Included with (ZX2) driver and front passenger high-back bucket seats. Not available with (ZX1) driver only high-back bucket seat. Always use safety belts and child restraints. Children are safer when properly secured in a rear seat in the appropriate child restraint. See the Owner's Manual for more information.) Air bag deactivation switch, frontal, passenger-side (Always use safety belts and the correct child restraints. NOTE: Passenger seat is removed when ordered. Children are safer when properly secured in a rear seat in the appropriate child restraint. See the Owner's Manual for more information.)",https://www.bocapowersports.com/product-page/2017-chevrolet-express-3500-cutaway-1wt-drw,"https://static.wixstatic.com/media/b4963b_8c2d462bcc484c6188d3a663df58e2c4~mv2.png/v1/fit/w_500,h_500,q_90/file.png","https://static.wixstatic.com/media/b4963b_fd77a86fcb1248f9a25e7203d938c25a~mv2.png/v1/fit/w_500,h_500,q_90/file.png|https://static.wixstatic.com/media/b4963b_392e5a11939b45cb9d8abaac177491d6~mv2.png/v1/fit/w_500,h_500,q_90/file.png|https://static.wixstatic.com/media/b4963b_f8902aba402249f591c3657757d9d516~mv2.png/v1/fit/w_500,h_500,q_90/file.png|https://static.wixstatic.com/media/b4963b_38f0514eaf714bce90cf1ad9045dcedb~mv2.png/v1/fit/w_500,h_500,q_90/file.png|https://static.wixstatic.com/media/b4963b_ddca5ed7393a496aa7a3db5f83e2c788~mv2.png/v1/fit/w_500,h_500,q_90/file.png|https://static.wixstatic.com/media/b4963b_7441bbec3080487dbc95145cd8730df9~mv2.png/v1/fit/w_500,h_500,q_90/file.png|https://static.wixstatic.com/media/b4963b_3024b4aceebc475aaffa7d722c910ef4~mv2.png/v1/fit/w_500,h_500,q_90/file.png|https://static.wixstatic.com/media/b4963b_3a6b741f40134ddeaab0685f72643f97~mv2.png/v1/fit/w_500,h_500,q_90/file.png|https://static.wixstatic.com/media/b4963b_1000024455ce4d8dba0f5a693564337e~mv2.png/v1/fit/w_500,h_500,q_90/file.png|https://static.wixstatic.com/media/b4963b_6b7cc9b5f471470a94e5228a9467419f~mv2.png/v1/fit/w_500,h_500,q_90/file.png|https://static.wixstatic.com/media/b4963b_a426681b600b44848d1a5c1c2b88a0b5~mv2.png/v1/fit/w_500,h_500,q_90/file.png|https://static.wixstatic.com/media/b4963b_a1e4e2b2575d4fceab92d60ea97c945a~mv2.png/v1/fit/w_500,h_500,q_90/file.png",Chevrolet,Express 3500 6.0L,2017,used,car
2012-honda-goldwing-gl1800-navigation-system-only-44k-miles,2006 Honda GoldWing GL1800 only 69k miles,4900,Great condition. only 69k miles. Ready to go. We finance,https://www.bocapowersports.com/product-page/2012-honda-goldwing-gl1800-navigation-system-only-44k-miles,"https://static.wixstatic.com/media/b4963b_a2f0bebb7c484964b5b40ba69f69e0bf~mv2.jpg/v1/fit/w_500,h_500,q_90/file.jpg","https://static.wixstatic.com/media/b4963b_4139ba5660e849a7bc4d2edd25513e88~mv2.jpg/v1/fit/w_500,h_500,q_90/file.jpg|https://static.wixstatic.com/media/b4963b_8ae57e07653b447f86388db027140f30~mv2.jpg/v1/fit/w_500,h_500,q_90/file.jpg|https://static.wixstatic.com/media/b4963b_b943d6e2910541f3b37703a717c43fbdf002.jpg/v1/fit/w_500,h_500,q_90/file.jpg|https://static.wixstatic.com/media/b4963b_5f25987fcbee4cf6b9ac0bd5c047387e~mv2.jpg/v1/fit/w_500,h_500,q_90/file.jpg|https://static.wixstatic.com/media/b4963b_55f789f8a188469fbc8b197609d73968~mv2.jpg/v1/fit/w_500,h_500,q_90/file.jpg|https://static.wixstatic.com/media/b4963b_387acef43de44aafa6eaf28f36053b56~mv2.jpg/v1/fit/w_500,h_500,q_90/file.jpg|https://static.wixstatic.com/media/b4963b_15604d858ce344caa30c782e59c3aa69~mv2.jpg/v1/fit/w_500,h_500,q_90/file.jpg|https://static.wixstatic.com/media/b4963b_6fb0b62fa94e42e79fcd20ae11a61334~mv2.jpg/v1/fit/w_500,h_500,q_90/file.jpg|https://static.wixstatic.com/media/b4963b_60dc277d5b904826ab67091e05b8c9b7~mv2.jpg/v1/fit/w_500,h_500,q_90/file.jpg|https://static.wixstatic.com/media/b4963b_efff049ca5704106a327ac7d856e6393~mv2.jpg/v1/fit/w_500,h_500,q_90/file.jpg|https://static.wixstatic.com/media/b4963b_a4facedf88354ade8460f8467d6a2a11f002.jpg/v1/fit/w_500,h_500,q_90/file.jpg",Honda,GoldWing GL1800 only,2006,,motorcycle/powersports
2024-kendon-stand-up-motorcycle-trailer,2024 Kendon Stand-up motorcycle trailer,4900,Absolutely new three motorcycles trailer in stock usually 2 months production from official dealer Kendon ind. in Boca Raton FL. In stock price including all. Check out our website Bocapowersports   We finance,https://www.bocapowersports.com/product-page/2024-kendon-stand-up-motorcycle-trailer,"https://static.wixstatic.com/media/b4963b_4643762093884989867135166eca166f~mv2.jpg/v1/fit/w_500,h_500,q_90/file.jpg","https://static.wixstatic.com/media/b4963b_c497a175b64246399118e6a2a0c23a08~mv2.jpg/v1/fit/w_500,h_500,q_90/file.jpg|https://static.wixstatic.com/media/b4963b_e237a913bd7d48a9baf79198d63ef899~mv2.jpg/v1/fit/w_500,h_500,q_90/file.jpg|https://static.wixstatic.com/media/b4963b_b53ad002a394433db2495a97ab6977e1~mv2.jpg/v1/fit/w_500,h_500,q_90/file.jpg|https://static.wixstatic.com/media/b4963b_9b1eaac8dbc2414dbdff8d68ec78d350~mv2.jpg/v1/fit/w_500,h_500,q_90/file.jpg|https://static.wixstatic.com/media/b4963b_eb4f140607a840e19d3467ba179e02f4~mv2.jpg/v1/fit/w_500,h_500,q_90/file.jpg|https://static.wixstatic.com/media/b4963b_cbe650db7c764f00b7aadb1db761cb62~mv2.jpg/v1/fit/w_500,h_500,q_90/file.jpg|https://static.wixstatic.com/media/b4963b_9a2d3919230344f5ba0ebc87feaaf69e~mv2.jpg/v1/fit/w_500,h_500,q_90/file.jpg|https://static.wixstatic.com/media/b4963b_6f2b59407fae4ea386b408d9d7f528b5~mv2.jpg/v1/fit/w_500,h_500,q_90/file.jpg|https://static.wixstatic.com/media/b4963b_879c1f3ce02845da93e13285bd85d58a~mv2.jpg/v1/fit/w_500,h_500,q_90/file.jpg|https://static.wixstatic.com/media/b4963b_a589afa36eef414caeb2a6640bfbc739~mv2.jpg/v1/fit/w_500,h_500,q_90/file.jpg|https://static.wixstatic.com/media/b4963b_1923455a20fb404597b109d2aac03984~mv2.jpg/v1/fit/w_500,h_500,q_90/file.jpg|https://static.wixstatic.com/media/b4963b_af8d731bcb6048798224868aa4bc20b6~mv2.jpg/v1/fit/w_500,h_500,q_90/file.jpg|https://static.wixstatic.com/media/b4963b_d8672160b7f0471886c5156d79a10e4e~mv2.jpg/v1/fit/w_500,h_500,q_90/file.jpg|https://static.wixstatic.com/media/b4963b_2ff6b541bb8745c382e8a24343d61ebb~mv2.jpg/v1/fit/w_500,h_500,q_90/file.jpg",Kendon,Stand-up motorcycle trailer,2024,new,trailer
2009-piaggio-usa-piaggio-mp3-500,2009 PIAGGIO USA PIAGGIO MP3 500,2900,Great condition. 15500miles. Automatic. We finance.,https://www.bocapowersports.com/product-page/2009-piaggio-usa-piaggio-mp3-500,"https://static.wixstatic.com/media/b4963b_3b1dac31bd294c669a73e3049662578c~mv2.jpg/v1/fit/w_500,h_500,q_90/file.jpg","https://static.wixstatic.com/media/b4963b_3695d7e902c14094944a311c0e3980d3~mv2.jpg/v1/fit/w_500,h_500,q_90/file.jpg|https://static.wixstatic.com/media/b4963b_16da0052cb894fa3aa3541480e3e6afa~mv2.jpg/v1/fit/w_500,h_500,q_90/file.jpg|https://static.wixstatic.com/media/b4963b_de5f7cba60274270baa2417acdfe591b~mv2.jpg/v1/fit/w_500,h_500,q_90/file.jpg|https://static.wixstatic.com/media/b4963b_c43e1fee281d4d2fbd72bb4b7af30d83~mv2.jpg/v1/fit/w_500,h_500,q_90/file.jpg|https://static.wixstatic.com/media/b4963b_ff59b59e67d34c77a78a4dbbd90d160d~mv2.jpg/v1/fit/w_500,h_500,q_90/file.jpg|https://static.wixstatic.com/media/b4963b_ab03df2f870d41c2b9337d4cc61a127a~mv2.jpg/v1/fit/w_500,h_500,q_90/file.jpg|https://static.wixstatic.com/media/b4963b_46d755300baf470b8fe352dd88c74eaf~mv2.jpg/v1/fit/w_500,h_500,q_90/file.jpg|https://static.wixstatic.com/media/b4963b_0eb2b51dc9b146abba8f06e57ff513e0~mv2.jpg/v1/fit/w_500,h_500,q_90/file.jpg|https://static.wixstatic.com/media/b4963b_2c7b8c2e58e346209c68452e1c7ec4ed~mv2.jpg/v1/fit/w_500,h_500,q_90/file.jpg|https://static.wixstatic.com/media/b4963b_86e358da1028493e8f4225ddb889c8a6~mv2.jpg/v1/fit/w_500,h_500,q_90/file.jpg|https://static.wixstatic.com/media/b4963b_e8cd693896304d47b825915b9c4c90e4~mv2.jpg/v1/fit/w_500,h_500,q_90/file.jpg|https://static.wixstatic.com/media/b4963b_38bfddb062e142638ca8304cbf10432f~mv2.jpg/v1/fit/w_500,h_500,q_90/file.jpg|https://static.wixstatic.com/media/b4963b_93388f24b54c4b6bbad606b61ec50bd2~mv2.jpg/v1/fit/w_500,h_500,q_90/file.jpg|https://static.wixstatic.com/media/b4963b_72e66d13506f4136b0d412c0b288b58c~mv2.jpg/v1/fit/w_500,h_500,q_90/file.jpg",PIAGGIO,USA PIAGGIO MP3,2009,,motorcycle/powersports
2024-kendon-stand-up-utility-trailer-ut305sxs,2024 Kendon Stand Up utility trailer UT305SXS,5100,,https://www.bocapowersports.com/product-page/2024-kendon-stand-up-utility-trailer-ut305sxs,"https://static.wixstatic.com/media/b4963b_ac292cd14497486ab7628f9838fe52b3~mv2.png/v1/fit/w_500,h_500,q_90/file.png","https://static.wixstatic.com/media/b4963b_23814b4142ea4da09192560b5db87943~mv2.png/v1/fit/w_500,h_500,q_90/file.png|https://static.wixstatic.com/media/b4963b_812083810724429b917919cdb2230382~mv2.png/v1/fit/w_500,h_500,q_90/file.png|https://static.wixstatic.com/media/b4963b_bc5bf46babca44899e0355766b6e8aec~mv2.png/v1/fit/w_500,h_500,q_90/file.png|https://static.wixstatic.com/media/b4963b_34136b8ae8d54811ab573967234240f8~mv2.png/v1/fit/w_500,h_500,q_90/file.png|https://static.wixstatic.com/media/b4963b_e23ddb864df240c9ae328322e3b351ad~mv2.png/v1/fit/w_500,h_500,q_90/file.png|https://static.wixstatic.com/media/b4963b_d4b0b36f76064c4c99a45fd3960571fe~mv2.jpg/v1/fit/w_500,h_500,q_90/file.jpg",Kendon,Stand Up utility,2024,,trailer
2024-kendon-stand-up-motorcycle-trailer-bb207ru,2024 Kendon stand up Motorcycle trailer BB207RU,4200,New,https://www.bocapowersports.com/product-page/2024-kendon-stand-up-motorcycle-trailer-bb207ru,"https://static.wixstatic.com/media/b4963b_c15e8dd25d30499bb473681bca26c480~mv2.png/v1/fit/w_500,h_500,q_90/file.png","https://static.wixstatic.com/media/b4963b_c2875bdb14084e02b9133adfa48ab108~mv2.png/v1/fit/w_500,h_500,q_90/file.png|https://static.wixstatic.com/media/b4963b_0288907cd8e4485a9371f8f617d70794~mv2.png/v1/fit/w_500,h_500,q_90/file.png|https://static.wixstatic.com/media/b4963b_65bd0f97ba1145fb90d66e78f855b6c0~mv2.png/v1/fit/w_500,h_500,q_90/file.png",Kendon,stand up Motorcycle,2024,new,trailer
2021-bmw-x1-s-drive,2022 Mini Cooper SE Fully Electric,17900,"Fully loaded. ICONIC Package. Only 11k mileage. Like new condition. Fully Electric not hybrid. Super fast. Car play, Navigation System. Charger included. White leather. Don’t need pay for gas or electricity. Use City free charging stations which a lot around.Super economical car. Refuel for free. NO Hybrid. Fully Electric. Max range 120Mi. Enough for two-three days. Drives like sport car.WE FINANCE, TRADE-IN WELCOME.MSRP$37,750 Fully loaded. ICONIC Package. Only 11k mileage. Like new condition. Fully Electric not hybrid. Range 110ml per charge Super fast. Car play, Navigation System. Charger included. White leather. Don’t need pay for gas or electricity. Use City free charging stations which a lot around. Or FPL offer free charging station in your home only $30/monthPackagesTOUCHSCREEN NAVIGATION PLUS - 7GK BMW Assist eCall Mini Head-Up Display BMW Teleservices Edrive Services Connecteddrive Services Advanced RTTI Concierge Services Remote Services Apple Carplay Compatibility Mini Connected Mini Connected Xl Wireless Charging Mini NavigationICONIC TRIM - ZHI White Roof and Mirror Caps Nappa Leather Steering Wheel Alarm System Power-Folding Mirrors Universal Garage-Door Opener Piano Black Exterior Trim Panoramic Moonroof Auto-Dimming Rearview Mirror Headliner in Anthracite Active Cruise Control Parking Assistant Harman/Kardon Premium SystemOptionsInterior Sport Seats Heated Front Seats Front Seats w/Leatherette Back Material and Manual Driver Lumbar 8-Way Driver Seat -inc: Manual Recline, Height Adjustment, Cushion Extension, Fore/Aft Movement, Manual Lumbar Support and Manual Rear Seat Easy Entry Passenger Seat Height Adjustment 8-Way Passenger Seat -inc: Manual Recline, Fore/Aft Movement, Cushion Extension, Manual Lumbar Support and Manual Rear Seat Easy Entry 60-40 Folding Bench Front Facing Fold Forward Seatback Rear Seat Manual Tilt/Telescoping Steering Column Gauges -inc: Speedometer, Odometer, Traction Battery Level, Power/Regen, Trip Odometer and Trip Computer Fixed Rear Windows ConnectedDrive Services Selective Service Internet Access Style Heated Leather Steering Wheel Front Cupholder Rear Cupholder Remote Keyless Entry w/Integrated Key Transmitter, 2 Door Curb/Courtesy and Illuminated Entry Proximity Key For Doors And Push Button Start Cruise Control w/Steering Wheel Controls eDrive Services HVAC -inc: Underseat Ducts Dual Zone Front Automatic Air Conditioning Illuminated Glove Box Driver Foot Rest Interior Trim -inc: Chrome/Metal-Look Interior Accents Full Cloth Headliner Leatherette Gear Shifter Material Day-Night Rearview Mirror Driver And Passenger Visor Vanity Mirrors w/Driver And Passenger Illumination and Driver Auxiliary Mirror Full Floor Console w/Storage, Mini Overhead Console and 2 12V DC Power Outlets Front Map Lights Fade-To-Off Interior Lighting Full Carpet Floor Covering -inc: Carpet Front And Rear Floor Mats Carpet Floor Trim Rigid Cargo Cover Cargo Features -inc: Tire Mobility Kit Cargo Space Lights FOB Controls -inc: Cargo Access and Windows BMW Assist eCall Advanced Real-Time Traffic Information Media Display MINI Connected Enhanced USB &amp;amp; Bluetooth Connected Navigation Integrated Navigation System w/Voice Activation Covered Dashboard Storage, Refrigerated/Cooled Box Located In The Glovebox, Driver And Passenger Door Bins Power 1st Row Windows w/Driver And Passenger 1-Touch Up/Down Delayed Accessory Power Power Door Locks w/Autolock Feature Driver Information Center Trip Computer Outside Temp Gauge BMW TeleServices Dynamic Digital Instrument Cluster Manual Adjustable Front Head Restraints and Manual Adjustable Rear Head Restraints Front Center Armrest w/Storage 2 Seatback Storage Pockets Immobilizer 2 12V DC Power Outlets Air Filtration Exterior Performance Summer Tires Tire Mobility Kit Clearcoat Paint Body-Colored Front Bumper Body-Colored Rear Bumper w/Black Rub Strip/Fascia Accent Black Fender Flares Chrome Side Windows Trim, Chrome Front Windshield Trim and Chrome Rear Window Trim Chrome Door Handles Colored Power Heated Side Mirrors w/Manual Folding Fixed Rear Window w/Fixed Interval Wiper and Defroster Light Tinted Glass Speed Sensitive Rain Detecting Variable Intermittent Wipers w/Heated Jets Fully Galvanized Steel Panels Lip Spoiler Colored Grille w/Chrome Surround Liftgate Rear Cargo Access Tailgate/Rear Door Lock Included w/Power Door Locks Auto On/Off Projector Beam Led Low/High Beam Daytime Running Auto-Leveling Directionally Adaptive Auto High-Beam Headlamps w/Delay-Off Cornering Lights Perimeter/Approach Lights LED Brakelights Headlights-Automatic Highbeams Front Fog LampsEntertainment Radio: AM/FM -inc: ConnectedDrive Services, Apple CarPlay Compatibility, Remote Services Radio w/Seek-Scan, Compatible Remote CD, Clock, Speed Compensated Volume Control, Aux Audio Input Jack, Steering Wheel Controls, Voice Activation, Radio Data System, External Memory Control and 12 Gb Internal Memory Integrated Roof Diversity Antenna Radio Control US SiriusXM Satellite Radio -inc: 1 year All Access subscription 6 Speakers Audio Theft Deterrent Streaming Audio 2 LCD Monitors In The Front Mechanical Engine: Electric Drive Unit Transmission: 1-Speed Automatic Transmission w/Driver Selectable Mode Front-Wheel Drive 3.07 Axle Ratio 50-Amp/Hr Maintenance-Free Battery w/Run Down Protection Gas-Pressurized Shock Absorbers Front And Rear Anti-Roll Bars Electric Power-Assist Speed-Sensing Steering Strut Front Suspension w/Coil Springs Multi-Link Rear Suspension w/Coil Springs Regenerative 4-Wheel Disc Brakes w/4-Wheel ABS, Front Vented Discs, Brake Assist, Hill Hold Control and Electric Parking Brake Lithium Ion Traction Battery w/7.4 kW Onboard Charger, 4 Hrs Charge Time @ 220/240V,0.58 Hr Charge Time @ 440V and 32.64 kWh CapacitySafety/Security Electronic Stability Control (ESC) ABS And Driveline Traction Control Side Impact Beams Dual Stage Driver And Passenger Seat-Mounted Side Airbags Automatic Emergency Braking (AEB) Lane Departure Warning Collision Mitigation-Front Low Tire Pressure Warning Dual Stage Driver And Passenger Front Airbags Curtain 1st And 2nd Row Airbags Airbag Occupancy Sensor Driver And Passenger Knee Airbag Outboard Front Lap And Shoulder Safety Belts -inc: Pretensioners Back-Up Camera Other 17&quot; Mini Electric Power Spoke Heated Steering Wheel Tire Pressure Monitor Comfort Access Keyless Entry Rear View Camera Floor Mats Front Center Armrest Heated Front Seats Ambient Lighting Active Driving Assistant Satellite Radio Preparation Variable Light Decoding Daytime Driving Lights Transport Protection Interior Surface Mini Electric White Silver Metallic Satellite Grey, Chesterfield Leather Upholstery Tires: 205/45R17",https://www.bocapowersports.com/product-page/2021-bmw-x1-s-drive,"https://static.wixstatic.com/media/b4963b_ad56174b0eb845cf8ffef9e90c2fc732~mv2.jpg/v1/fit/w_500,h_500,q_90/file.jpg","https://static.wixstatic.com/media/b4963b_2ad9ba38d5ec4ae085db335a7b5aeeb3~mv2.jpg/v1/fit/w_500,h_500,q_90/file.jpg|https://static.wixstatic.com/media/b4963b_b4db48ecf272416098e2ee71f3b41a69~mv2.jpg/v1/fit/w_500,h_500,q_90/file.jpg|https://static.wixstatic.com/media/b4963b_2f9120a133374edeb775d8076cb25ea1~mv2.jpg/v1/fit/w_500,h_500,q_90/file.jpg|https://static.wixstatic.com/media/b4963b_63fa30e8726e4d55a5b0c91773abb381~mv2.jpg/v1/fit/w_500,h_500,q_90/file.jpg|https://static.wixstatic.com/media/b4963b_6d0a14da118b4ca1abd1ad5969b504c2~mv2.jpg/v1/fit/w_500,h_500,q_90/file.jpg|https://static.wixstatic.com/media/b4963b_f825b580d4184596b352daf6c3f94f5a~mv2.jpg/v1/fit/w_500,h_500,q_90/file.jpg|https://static.wixstatic.com/media/b4963b_4360b7bd39cd4c1da1d7712651fbcd6c~mv2.jpg/v1/fit/w_500,h_500,q_90/file.jpg|https://static.wixstatic.com/media/b4963b_daf36c395cc84d57815df8fd0697e313~mv2.jpg/v1/fit/w_500,h_500,q_90/file.jpg|https://static.wixstatic.com/media/b4963b_6f7afcbb066f4d1c93b26997b9685be5~mv2.jpg/v1/fit/w_500,h_500,q_90/file.jpg|https://static.wixstatic.com/media/b4963b_e6bf3e8b51834233b9af5aff35f650af~mv2.jpg/v1/fit/w_500,h_500,q_90/file.jpg|https://static.wixstatic.com/media/b4963b_5e1ece5dcdd043cf8d82d8eeb7bf52ab~mv2.jpg/v1/fit/w_500,h_500,q_90/file.jpg|https://static.wixstatic.com/media/b4963b_41c7bffc2458489a9a073c6e70178942~mv2.jpg/v1/fit/w_500,h_500,q_90/file.jpg|https://static.wixstatic.com/media/b4963b_531dbfc1e9fb498e9f784c4d0cca1e57~mv2.jpg/v1/fit/w_500,h_500,q_90/file.jpg|https://static.wixstatic.com/media/b4963b_de7dc47f999045469fca8c3ea634beaf~mv2.jpg/v1/fit/w_500,h_500,q_90/file.jpg",Mini,Cooper SE Fully,2022,new,car
2006-kendon-industrial-three-motorcycle-trailer,2023 Kendon Industrial  Three Motorcycle Trailer,3900,The best motorcycle trailer. Bocapowersports is official dealer Kendon industrials,https://www.bocapowersports.com/product-page/2006-kendon-industrial-three-motorcycle-trailer,"https://static.wixstatic.com/media/b4963b_170cd5785d5248e4a2f8fcde617babf8~mv2.jpg/v1/fit/w_500,h_500,q_90/file.jpg","https://static.wixstatic.com/media/b4963b_a0b067de982e42ab95ed2514007fb746~mv2.jpg/v1/fit/w_500,h_500,q_90/file.jpg|https://static.wixstatic.com/media/b4963b_421649d79f814c188ac078117b8e85b5~mv2.jpg/v1/fit/w_500,h_500,q_90/file.jpg|https://static.wixstatic.com/media/b4963b_d6c4f422cc7b4257b10095804135255b~mv2.jpg/v1/fit/w_500,h_500,q_90/file.jpg|https://static.wixstatic.com/media/b4963b_ea6a177634034fb685ccd3acd53ea25c~mv2.jpg/v1/fit/w_500,h_500,q_90/file.jpg|https://static.wixstatic.com/media/b4963b_506a01282574439aab1677afc76a1a3f~mv2.jpg/v1/fit/w_500,h_500,q_90/file.jpg|https://static.wixstatic.com/media/b4963b_0685c6c128ce45ca9b8f2f16d1bcdcc7~mv2.jpg/v1/fit/w_500,h_500,q_90/file.jpg|https://static.wixstatic.com/media/b4963b_b09816f939d34b318a35609d5afd27fc~mv2.jpg/v1/fit/w_500,h_500,q_90/file.jpg|https://static.wixstatic.com/media/b4963b_4686c5739bb64c7e993ed54da3114616~mv2.jpg/v1/fit/w_500,h_500,q_90/file.jpg|https://static.wixstatic.com/media/b4963b_4d34ce41e7914ce6970591f1aece731c~mv2.jpg/v1/fit/w_500,h_500,q_90/file.jpg|https://static.wixstatic.com/media/b4963b_484a14be61e144898dbe32f00fe1d89a~mv2.jpg/v1/fit/w_500,h_500,q_90/file.jpg|https://static.wixstatic.com/media/b4963b_1b87c7e81cfe42e4afe9808a3e1643ce~mv2.jpg/v1/fit/w_500,h_500,q_90/file.jpg|https://static.wixstatic.com/media/b4963b_561086d0960d4e7c8f844c7f0a9162ba~mv2.jpg/v1/fit/w_500,h_500,q_90/file.jpg|https://static.wixstatic.com/media/b4963b_350587ec7f97467fbab91d38c0c2862c~mv2.jpg/v1/fit/w_500,h_500,q_90/file.jpg|https://static.wixstatic.com/media/b4963b_484c2272f23b401fbfe42442cb4200e3~mv2.jpg/v1/fit/w_500,h_500,q_90/file.jpg",Kendon,Industrial Three Motorcycle,2023,,trailer
